entry_time,exit_time,direction,regime,entry_price,exit_price,tp1_hit,tp2_hit,tp3_hit,trailing_used,exit_type,pnl_pct,pnl_points,duration_hours,month,exit_month
2024-01-11 14:00:00,2024-01-11 15:00:00,LONG,RANGE,48571.245,50419.983,False,False,False,False,SL,3.8060337963336077,1848.6379999999976,1.0,2024-01,2024-01
2024-01-12 14:00:00,2024-01-12 22:00:00,SHORT,RANGE,45441.994999999995,42341.0,True,True,False,True,TRAILING_SL,4.142157491104864,1882.2789999999977,8.0,2024-01,2024-01
2024-01-12 15:00:00,2024-01-12 23:00:00,SHORT,RANGE,44461.985,42341.0,True,True,False,True,TRAILING_SL,3.792626442566608,1686.276999999999,8.0,2024-01,2024-01
2024-01-18 14:00:00,2024-01-18 15:00:00,LONG,RANGE,42738.725,60445.900980000006,False,False,False,False,SL,41.43098789212829,17707.075980000005,1.0,2024-01,2024-01
2024-01-18 15:00:00,2024-01-19 07:00:00,SHORT,RANGE,42619.295,41524.28,True,False,False,True,TRAILING_SL,2.7649331130418724,1178.394999999999,16.0,2024-01,2024-01
2024-01-22 14:00:00,2024-01-23 23:00:00,SHORT,TREND,40694.725,39817.0,True,False,False,True,TRAILING_SL,3.1459682428127933,1280.2431249999984,33.0,2024-01,2024-01
2024-01-26 10:00:00,2024-01-26 11:00:00,LONG,RANGE,40692.665,61925.925,False,False,False,False,SL,52.1793301077725,21233.160000000003,1.0,2024-01,2024-01
2024-01-26 14:00:00,2024-01-26 15:00:00,LONG,RANGE,41588.025,64670.434980000005,False,False,False,False,SL,55.502298991115836,23082.309980000005,1.0,2024-01,2024-01
2024-01-29 15:00:00,2024-01-29 16:00:00,LONG,RANGE,42641.775,90319.025,False,False,False,False,SL,111.8085492454289,47677.149999999994,1.0,2024-01,2024-01
2024-02-02 15:00:00,2024-02-02 16:00:00,LONG,RANGE,43242.115,91048.563,False,False,False,False,SL,110.55506420072192,47806.348,1.0,2024-02,2024-02
2024-02-05 13:00:00,2024-02-05 14:00:00,LONG,RANGE,43447.695,74359.00899999999,False,False,False,False,SL,71.14580877075295,30911.21399999999,1.0,2024-02,2024-02
2024-02-06 08:00:00,2024-02-06 09:00:00,LONG,RANGE,43069.045,75605.37127999999,False,False,False,False,SL,75.54434113874593,32536.226279999995,1.0,2024-02,2024-02
2024-02-06 15:00:00,2024-02-06 16:00:00,LONG,RANGE,43244.915,82945.44172,False,False,False,False,SL,91.80368771681017,39700.42672,1.0,2024-02,2024-02
2024-02-08 13:00:00,2024-02-08 14:00:00,LONG,RANGE,44984.025,101180.32886000001,False,False,False,False,SL,124.92480132669321,56196.20386000001,1.0,2024-02,2024-02
2024-02-08 15:00:00,2024-02-08 16:00:00,LONG,RANGE,45432.325000000004,101180.32886000001,False,False,False,False,SL,122.7053730135977,55747.903860000006,1.0,2024-02,2024-02
2024-02-08 14:00:00,2024-02-09 19:00:00,LONG,RANGE,45078.015,47359.0,True,True,False,True,TRAILING_SL,3.811779607716383,1718.2745833333324,29.0,2024-02,2024-02
2024-02-08 08:00:00,2024-02-10 10:00:00,LONG,TREND,44718.355,46938.0,True,True,False,True,TRAILING_SL,5.132345729920815,2295.1005833333315,50.0,2024-02,2024-02
2024-02-08 09:00:00,2024-02-10 10:00:00,LONG,TREND,44692.835,46938.0,True,True,False,True,TRAILING_SL,5.1466969854713085,2300.204791666666,49.0,2024-02,2024-02
2024-02-14 08:00:00,2024-02-14 09:00:00,LONG,RANGE,50758.025,107135.42480000001,False,False,False,False,SL,111.0707120696678,56377.29980000001,1.0,2024-02,2024-02
2024-02-14 09:00:00,2024-02-14 10:00:00,LONG,RANGE,51551.125,107135.42480000001,False,False,False,False,SL,107.82344672400458,55584.19980000001,1.0,2024-02,2024-02
2024-02-15 14:00:00,2024-02-15 15:00:00,LONG,TREND,52621.335,109757.071,False,False,False,False,SL,108.57884164284314,57135.636,1.0,2024-02,2024-02
2024-02-20 13:00:00,2024-02-20 14:00:00,LONG,RANGE,52840.155,83655.13947999998,False,False,False,False,SL,58.31717276378161,30814.884479999986,1.0,2024-02,2024-02
2024-02-22 14:00:00,2024-02-22 15:00:00,LONG,RANGE,51374.025,86632.91200000001,False,False,False,False,SL,68.63154483223771,35258.78700000001,1.0,2024-02,2024-02
2024-02-26 15:00:00,2024-02-27 01:00:00,LONG,RANGE,52842.345,54954.52,True,False,False,True,TRAILING_SL,3.1924680859640073,1686.9749999999972,10.0,2024-02,2024-02
2024-02-27 08:00:00,2024-02-28 16:00:00,LONG,TREND,56236.015,61216.0,True,False,False,True,TRAILING_SL,5.923914298218557,3331.3733333333325,32.0,2024-02,2024-02
2024-02-27 09:00:00,2024-02-28 16:00:00,LONG,TREND,56615.965000000004,61216.0,True,False,False,True,TRAILING_SL,5.548609021619014,3141.3985416666633,31.0,2024-02,2024-02
2024-02-27 10:00:00,2024-02-28 16:00:00,LONG,TREND,56528.275,61216.0,True,False,False,True,TRAILING_SL,5.634779674419569,3185.2437499999987,30.0,2024-02,2024-02
2024-02-27 13:00:00,2024-02-28 16:00:00,LONG,TREND,57112.315,61216.0,True,False,False,True,TRAILING_SL,5.065850289906823,2893.224374999998,27.0,2024-02,2024-02
2024-02-27 14:00:00,2024-02-28 16:00:00,LONG,TREND,56976.355,61216.0,True,False,False,True,TRAILING_SL,5.197251707894144,2961.2045833333304,26.0,2024-02,2024-02
2024-03-04 10:00:00,2024-03-04 17:00:00,LONG,TREND,65068.205,66262.99,True,False,False,True,TRAILING_SL,2.211187476279705,1438.7800000000047,7.0,2024-03,2024-03
2024-03-04 13:00:00,2024-03-04 17:00:00,LONG,TREND,65111.235,66262.99,True,False,False,True,TRAILING_SL,2.1766827184279416,1417.2650000000056,4.0,2024-03,2024-03
2024-03-04 08:00:00,2024-03-04 18:00:00,LONG,TREND,65241.105,66262.99,True,False,False,True,TRAILING_SL,2.072818968961374,1352.3300000000077,10.0,2024-03,2024-03
2024-03-04 09:00:00,2024-03-04 18:00:00,LONG,TREND,65290.315,66262.99,True,False,False,True,TRAILING_SL,2.033571135320766,1327.7250000000045,9.0,2024-03,2024-03
2024-03-04 14:00:00,2024-03-05 04:00:00,LONG,TREND,66169.435,67424.8,True,False,False,True,TRAILING_SL,2.22016403797313,1469.0700000000056,14.0,2024-03,2024-03
2024-03-05 08:00:00,2024-03-05 16:00:00,LONG,TREND,66866.775,67527.0,True,False,False,True,TRAILING_SL,1.7519911794759144,1171.5000000000057,8.0,2024-03,2024-03
2024-03-05 09:00:00,2024-03-05 16:00:00,LONG,TREND,66407.915,67527.0,True,False,False,True,TRAILING_SL,2.1095828712586537,1400.9300000000062,7.0,2024-03,2024-03
2024-03-05 10:00:00,2024-03-05 16:00:00,LONG,TREND,66810.20499999999,67527.0,True,False,False,True,TRAILING_SL,1.7958109842650678,1199.7850000000094,6.0,2024-03,2024-03
2024-03-08 14:00:00,2024-03-08 16:00:00,LONG,RANGE,68422.025,69149.0,True,False,False,True,TRAILING_SL,1.4532966541110204,994.3750000000058,2.0,2024-03,2024-03
2024-03-11 13:00:00,2024-03-14 12:00:00,LONG,TREND,71503.995,72515.0,True,False,False,True,TRAILING_SL,1.8836229010700807,1346.8656250000054,71.0,2024-03,2024-03
2024-03-11 15:00:00,2024-03-14 12:00:00,LONG,TREND,72010.025,72515.0,True,False,False,True,TRAILING_SL,1.5190208469816149,1093.8472916666724,69.0,2024-03,2024-03
2024-03-18 13:00:00,2024-03-19 02:00:00,SHORT,RANGE,67552.365,66342.0,True,False,False,True,TRAILING_SL,1.8297953002829814,1236.0700000000058,13.0,2024-03,2024-03
2024-03-19 09:00:00,2024-03-19 16:00:00,SHORT,TREND,64141.814999999995,63672.78,True,False,False,True,TRAILING_SL,1.6773847138563158,1075.9049999999975,7.0,2024-03,2024-03
2024-03-19 08:00:00,2024-03-20 00:00:00,SHORT,TREND,63463.975,62817.0,True,False,False,True,TRAILING_SL,1.835490134363627,1164.8749999999986,16.0,2024-03,2024-03
2024-03-19 10:00:00,2024-03-20 00:00:00,SHORT,TREND,63255.985,62817.0,True,False,False,True,TRAILING_SL,1.67712193557653,1060.8799999999994,14.0,2024-03,2024-03
2024-03-19 13:00:00,2024-03-20 00:00:00,SHORT,TREND,63563.985,62817.0,True,False,False,True,TRAILING_SL,1.9112709815157114,1214.8799999999997,11.0,2024-03,2024-03
2024-03-19 14:00:00,2024-03-20 07:00:00,SHORT,TREND,62887.975,62037.0,True,False,False,True,TRAILING_SL,2.0144948219433028,1266.8749999999986,17.0,2024-03,2024-03
2024-03-22 10:00:00,2024-03-22 14:00:00,SHORT,RANGE,64656.345,63442.11,True,False,False,True,TRAILING_SL,1.9147463408270289,1238.0049999999997,4.0,2024-03,2024-03
2024-03-24 08:00:00,2024-03-25 00:00:00,LONG,RANGE,65244.025,66787.69,True,True,False,True,TRAILING_SL,2.4075967109631864,1570.812999999999,16.0,2024-03,2024-03
2024-03-25 13:00:00,2024-03-25 21:00:00,LONG,RANGE,67984.025,70309.0,True,True,False,True,TRAILING_SL,2.5404129867274055,1727.075000000006,8.0,2024-03,2024-03
2024-03-25 14:00:00,2024-03-25 21:00:00,LONG,RANGE,69377.215,70309.0,True,False,False,True,TRAILING_SL,1.5808936694850098,1096.7800000000045,7.0,2024-03,2024-03
2024-04-01 08:00:00,2024-04-01 18:00:00,SHORT,RANGE,69388.615,68903.86,True,False,False,True,TRAILING_SL,1.2585133742761767,873.2650000000053,10.0,2024-04,2024-04
2024-04-01 09:00:00,2024-04-01 18:00:00,SHORT,RANGE,69394.975,68903.86,True,False,False,True,TRAILING_SL,1.2629804967866989,876.4450000000056,9.0,2024-04,2024-04
2024-04-01 14:00:00,2024-04-02 03:00:00,SHORT,RANGE,68906.04500000001,66841.0,True,True,False,True,TRAILING_SL,2.4309753955549285,1675.0890000000074,13.0,2024-04,2024-04
2024-04-01 15:00:00,2024-04-02 03:00:00,SHORT,RANGE,68237.125,66841.0,True,True,False,True,TRAILING_SL,2.2587484452195263,1541.3050000000046,12.0,2024-04,2024-04
2024-04-02 08:00:00,2024-04-02 18:00:00,SHORT,TREND,66239.99500000001,65812.0,True,False,False,True,TRAILING_SL,1.5932745767870364,1055.385000000004,10.0,2024-04,2024-04
2024-04-04 13:00:00,2024-04-04 19:00:00,LONG,RANGE,67242.17499999999,68468.91,True,False,False,True,TRAILING_SL,1.850408616318569,1244.2550000000106,6.0,2024-04,2024-04
2024-04-09 13:00:00,2024-04-10 02:00:00,SHORT,TREND,69927.975,69472.0,True,False,False,True,TRAILING_SL,1.5292520625686725,1069.3750000000057,13.0,2024-04,2024-04
2024-04-12 13:00:00,2024-04-12 18:00:00,SHORT,RANGE,69887.975,65927.86,True,True,False,True,TRAILING_SL,2.939136525274921,2054.1030000000055,5.0,2024-04,2024-04
2024-04-12 14:00:00,2024-04-12 18:00:00,SHORT,RANGE,69269.985,65927.86,True,False,False,True,TRAILING_SL,3.3231564868968904,2301.950000000003,4.0,2024-04,2024-04
2024-04-17 14:00:00,2024-04-17 16:00:00,SHORT,RANGE,61279.635,60519.16,True,False,False,True,TRAILING_SL,1.6500179872154892,1011.1249999999986,2.0,2024-04,2024-04
2024-04-18 13:00:00,2024-04-18 17:00:00,LONG,RANGE,62810.025,63276.09,True,False,False,True,TRAILING_SL,1.3754492216807694,863.9199999999968,4.0,2024-04,2024-04
2024-04-20 15:00:00,2024-04-22 12:00:00,LONG,RANGE,64808.375,65638.8,True,False,False,True,TRAILING_SL,1.6141171955013598,1046.0831250000044,45.0,2024-04,2024-04
2024-04-22 08:00:00,2024-04-23 04:00:00,LONG,RANGE,65961.61499999999,66391.35,True,False,False,True,TRAILING_SL,1.282192681304135,845.7550000000105,20.0,2024-04,2024-04
2024-04-22 09:00:00,2024-04-23 04:00:00,LONG,RANGE,65938.025,66391.35,True,False,False,True,TRAILING_SL,1.3005394080274755,857.5500000000087,19.0,2024-04,2024-04
2024-04-23 15:00:00,2024-04-24 18:00:00,SHORT,RANGE,66419.535,64911.15,True,False,False,True,TRAILING_SL,2.08534187268851,1385.0743750000004,27.0,2024-04,2024-04
2024-04-24 13:00:00,2024-04-24 18:00:00,SHORT,RANGE,66054.96500000001,64911.15,True,False,False,True,TRAILING_SL,1.820900215449367,1202.7950000000042,5.0,2024-04,2024-04
2024-04-24 14:00:00,2024-04-24 21:00:00,SHORT,RANGE,65234.825,64447.06,True,False,False,True,TRAILING_SL,1.5708940738324952,1024.7699999999988,7.0,2024-04,2024-04
2024-04-24 15:00:00,2024-04-25 12:00:00,SHORT,RANGE,64610.085,64108.03,True,False,False,True,TRAILING_SL,1.364980405148824,881.9149999999995,21.0,2024-04,2024-04
2024-04-26 14:00:00,2024-04-27 02:00:00,SHORT,RANGE,63854.135,63232.24,True,False,False,True,TRAILING_SL,1.4749788717676644,941.8350000000013,12.0,2024-04,2024-04
2024-04-30 08:00:00,2024-04-30 19:00:00,SHORT,RANGE,61919.295,60032.6,True,False,False,True,TRAILING_SL,2.542398132924477,1574.2349999999992,11.0,2024-04,2024-04
2024-04-30 09:00:00,2024-04-30 19:00:00,SHORT,RANGE,61687.985,60032.6,True,False,False,True,TRAILING_SL,2.364447468984439,1458.5800000000004,10.0,2024-04,2024-04
2024-04-30 10:00:00,2024-04-30 19:00:00,SHORT,RANGE,61782.165,60032.6,True,False,False,True,TRAILING_SL,2.437062540621554,1505.6700000000003,9.0,2024-04,2024-04
2024-04-30 14:00:00,2024-04-30 22:00:00,SHORT,TREND,61247.845,60453.6,True,False,False,True,TRAILING_SL,2.0221282887585685,1238.5100000000004,8.0,2024-04,2024-04
2024-04-30 13:00:00,2024-05-01 11:00:00,SHORT,TREND,60820.545,57814.82,True,True,False,True,TRAILING_SL,4.032066795849985,2452.3249999999985,22.0,2024-05,2024-05
2024-05-03 13:00:00,2024-05-03 21:00:00,LONG,RANGE,61689.965000000004,62361.97,True,False,False,True,TRAILING_SL,1.567337572650589,966.8899999999979,8.0,2024-05,2024-05
2024-05-08 08:00:00,2024-05-09 03:00:00,SHORT,RANGE,62375.965,61729.0,True,False,False,True,TRAILING_SL,1.530028433227442,954.3699999999976,19.0,2024-05,2024-05
2024-05-08 09:00:00,2024-05-09 03:00:00,SHORT,RANGE,62301.985,61729.0,True,False,False,True,TRAILING_SL,1.4724731483274565,917.3799999999997,18.0,2024-05,2024-05
2024-05-08 10:00:00,2024-05-09 03:00:00,SHORT,RANGE,62450.025,61729.0,True,False,False,True,TRAILING_SL,1.5875093724942464,991.4,17.0,2024-05,2024-05
2024-05-08 13:00:00,2024-05-09 03:00:00,SHORT,RANGE,62447.585,61729.0,True,False,False,True,TRAILING_SL,1.5856177624803247,990.1799999999988,14.0,2024-05,2024-05
2024-05-08 14:00:00,2024-05-09 03:00:00,SHORT,RANGE,62559.985,61729.0,True,False,False,True,TRAILING_SL,1.6726027028299313,1046.3799999999994,13.0,2024-05,2024-05
2024-05-15 09:00:00,2024-05-15 13:00:00,LONG,RANGE,62650.005000000005,63822.56,True,False,False,True,TRAILING_SL,1.9428011218833834,1217.1649999999959,4.0,2024-05,2024-05
2024-05-15 13:00:00,2024-05-15 19:00:00,LONG,RANGE,64146.015,65578.15,True,False,False,True,TRAILING_SL,2.0998264662270865,1346.954999999997,6.0,2024-05,2024-05
2024-05-15 14:00:00,2024-05-16 15:00:00,LONG,TREND,64500.025,65490.009999999995,True,False,False,True,TRAILING_SL,2.071898098747501,1336.3747916666628,25.0,2024-05,2024-05
2024-05-23 13:00:00,2024-05-23 19:00:00,SHORT,RANGE,68036.115,67605.7,True,False,False,True,TRAILING_SL,1.2435968749832453,846.0950000000071,6.0,2024-05,2024-05
2024-05-23 15:00:00,2024-05-23 19:00:00,SHORT,RANGE,68075.975,67605.7,True,False,False,True,TRAILING_SL,1.2721448352374054,866.0250000000074,4.0,2024-05,2024-05
2024-05-23 14:00:00,2024-05-23 21:00:00,SHORT,RANGE,67748.60500000001,67153.16,True,False,False,True,TRAILING_SL,1.3706702890782863,928.6100000000064,7.0,2024-05,2024-05
2024-06-03 15:00:00,2024-06-04 19:00:00,LONG,RANGE,69615.305,70222.45,True,False,False,True,TRAILING_SL,1.3423039062076054,934.4489583333383,28.0,2024-06,2024-06
2024-06-17 09:00:00,2024-06-18 20:00:00,SHORT,RANGE,65722.05500000001,64901.0,True,False,False,True,TRAILING_SL,1.5845536935812539,1041.4012500000033,35.0,2024-06,2024-06
2024-06-23 14:00:00,2024-06-24 09:00:00,SHORT,RANGE,64191.985,61408.01,True,False,False,True,TRAILING_SL,3.1512890589066513,2022.8749999999989,19.0,2024-06,2024-06
2024-06-23 15:00:00,2024-06-24 09:00:00,SHORT,RANGE,64093.975,61408.01,True,False,False,True,TRAILING_SL,3.0796498422823637,1973.8699999999974,18.0,2024-06,2024-06
2024-06-24 08:00:00,2024-06-24 19:00:00,SHORT,TREND,62730.895,60320.0,True,False,False,True,TRAILING_SL,3.262881870249098,2046.8349999999978,11.0,2024-06,2024-06
2024-06-24 09:00:00,2024-06-24 19:00:00,SHORT,TREND,61402.255,60320.0,True,False,False,True,TRAILING_SL,2.251570402422514,1382.5149999999983,10.0,2024-06,2024-06
2024-06-24 13:00:00,2024-06-24 19:00:00,SHORT,TREND,61569.174999999996,60320.0,True,False,False,True,TRAILING_SL,2.3810210222891524,1465.9749999999972,6.0,2024-06,2024-06
2024-06-24 10:00:00,2024-06-24 21:00:00,SHORT,TREND,61167.125,59664.0,True,False,False,True,TRAILING_SL,2.60425841495738,1592.9499999999994,11.0,2024-06,2024-06
2024-06-30 13:00:00,2024-07-01 08:00:00,LONG,RANGE,61719.635,62977.33,True,False,False,True,TRAILING_SL,2.0410603529978735,1259.734999999999,19.0,2024-07,2024-07
2024-07-03 08:00:00,2024-07-04 02:00:00,SHORT,RANGE,60497.564999999995,58641.01,True,False,False,True,TRAILING_SL,2.5772359598274672,1559.1649999999956,18.0,2024-07,2024-07
2024-07-04 08:00:00,2024-07-05 04:00:00,SHORT,TREND,57688.435,54747.93,True,False,False,True,TRAILING_SL,4.007111650714737,2311.639999999998,20.0,2024-07,2024-07
2024-07-04 09:00:00,2024-07-05 04:00:00,SHORT,TREND,57747.975,54747.93,True,False,False,True,TRAILING_SL,4.054531782283273,2341.409999999999,19.0,2024-07,2024-07
2024-07-04 10:00:00,2024-07-05 04:00:00,SHORT,TREND,57946.405,54747.93,True,False,False,True,TRAILING_SL,4.211866120081131,2440.6249999999986,18.0,2024-07,2024-07
2024-07-04 13:00:00,2024-07-05 04:00:00,SHORT,TREND,57419.994999999995,54747.93,True,False,False,True,TRAILING_SL,3.79209367747245,2177.419999999997,15.0,2024-07,2024-07
2024-07-04 14:00:00,2024-07-05 04:00:00,SHORT,TREND,57450.225,54747.93,True,False,False,True,TRAILING_SL,3.8164080297335623,2192.5349999999985,14.0,2024-07,2024-07
2024-07-07 13:00:00,2024-07-08 01:00:00,SHORT,RANGE,56871.975,55101.16,True,False,False,True,TRAILING_SL,2.66615499110062,1516.294999999997,12.0,2024-07,2024-07
2024-07-09 15:00:00,2024-07-10 08:00:00,LONG,RANGE,57477.035,58629.0,True,False,False,True,TRAILING_SL,2.0997429669084315,1206.8699999999976,17.0,2024-07,2024-07
2024-07-12 15:00:00,2024-07-14 14:00:00,LONG,RANGE,58214.025,59559.0,True,True,False,True,TRAILING_SL,2.630053067108826,1531.0597499999985,47.0,2024-07,2024-07
2024-07-13 09:00:00,2024-07-14 14:00:00,LONG,RANGE,58678.045,59559.0,True,False,False,True,TRAILING_SL,1.8258259257501397,1071.3589583333335,29.0,2024-07,2024-07
2024-07-14 08:00:00,2024-07-15 02:00:00,LONG,RANGE,60202.025,61769.0,True,False,False,True,TRAILING_SL,2.3493811047053628,1414.3749999999986,18.0,2024-07,2024-07
2024-07-14 09:00:00,2024-07-15 02:00:00,LONG,RANGE,60186.035,61769.0,True,False,False,True,TRAILING_SL,2.3632890918964797,1422.3699999999976,17.0,2024-07,2024-07
2024-07-15 08:00:00,2024-07-16 05:00:00,LONG,TREND,62879.565,63731.95,True,False,False,True,TRAILING_SL,2.0158854470446745,1267.5799999999967,21.0,2024-07,2024-07
2024-07-15 09:00:00,2024-07-16 05:00:00,LONG,TREND,62637.665,63731.95,True,False,False,True,TRAILING_SL,2.21676526415855,1388.5299999999977,20.0,2024-07,2024-07
2024-07-15 10:00:00,2024-07-16 05:00:00,LONG,TREND,62535.985,63731.95,True,False,False,True,TRAILING_SL,2.3016667923276457,1439.3699999999976,19.0,2024-07,2024-07
2024-07-15 14:00:00,2024-07-16 05:00:00,LONG,TREND,63218.085,63731.95,True,False,False,True,TRAILING_SL,1.7373509494949084,1098.3199999999983,15.0,2024-07,2024-07
2024-07-16 09:00:00,2024-07-17 08:00:00,LONG,TREND,63187.565,64866.630000000005,True,False,False,True,TRAILING_SL,2.660206956859313,1680.9200000000005,23.0,2024-07,2024-07
2024-07-16 10:00:00,2024-07-17 08:00:00,LONG,TREND,63443.565,64866.630000000005,True,False,False,True,TRAILING_SL,2.447718692983284,1552.9200000000003,22.0,2024-07,2024-07
2024-07-16 13:00:00,2024-07-17 08:00:00,LONG,TREND,63420.015,64866.630000000005,True,False,False,True,TRAILING_SL,2.4671943076645473,1564.695000000002,19.0,2024-07,2024-07
2024-07-16 14:00:00,2024-07-17 08:00:00,LONG,TREND,63836.115,64866.630000000005,True,False,False,True,TRAILING_SL,2.1251998183160152,1356.6450000000025,18.0,2024-07,2024-07
2024-07-19 13:00:00,2024-07-20 00:00:00,LONG,RANGE,65135.925,66545.0,True,True,False,True,TRAILING_SL,2.3702664850464688,1543.895000000004,11.0,2024-07,2024-07
2024-07-19 14:00:00,2024-07-20 00:00:00,LONG,RANGE,65747.06499999999,66545.0,True,False,False,True,TRAILING_SL,1.56638931334807,1029.855000000009,10.0,2024-07,2024-07
2024-07-23 15:00:00,2024-07-25 01:00:00,SHORT,RANGE,66583.985,65061.56,True,False,False,True,TRAILING_SL,2.0907229668916143,1392.0866666666675,34.0,2024-07,2024-07
2024-07-26 13:00:00,2024-07-27 17:00:00,LONG,RANGE,67887.905,68558.99,True,False,False,True,TRAILING_SL,1.4235586834896037,966.4241666666728,28.0,2024-07,2024-07
2024-07-30 09:00:00,2024-07-30 21:00:00,SHORT,RANGE,66607.985,66143.67,True,False,False,True,TRAILING_SL,1.2957080145871407,863.0450000000004,12.0,2024-07,2024-07
2024-07-30 10:00:00,2024-07-30 21:00:00,SHORT,RANGE,66581.845,66143.67,True,False,False,True,TRAILING_SL,1.2765867332153393,849.9750000000008,11.0,2024-07,2024-07
2024-08-01 14:00:00,2024-08-01 17:00:00,SHORT,RANGE,63935.805,63143.0,True,False,False,True,TRAILING_SL,1.6067522728461767,1027.2899999999995,3.0,2024-08,2024-08
2024-08-01 08:00:00,2024-08-01 20:00:00,SHORT,TREND,64507.145,63564.0,True,False,False,True,TRAILING_SL,2.0353714305601307,1312.9599999999978,12.0,2024-08,2024-08
2024-08-02 14:00:00,2024-08-03 03:00:00,SHORT,TREND,63157.924999999996,61767.0,True,False,False,True,TRAILING_SL,2.4333446673556756,1536.849999999997,13.0,2024-08,2024-08
2024-08-04 14:00:00,2024-08-04 18:00:00,SHORT,RANGE,59586.674999999996,57963.77,True,True,False,True,TRAILING_SL,2.6627782134176794,1586.660999999999,4.0,2024-08,2024-08
2024-08-04 15:00:00,2024-08-04 18:00:00,SHORT,RANGE,59085.985,57963.77,True,False,False,True,TRAILING_SL,2.0173904183877127,1191.9950000000013,3.0,2024-08,2024-08
2024-08-05 13:00:00,2024-08-05 15:00:00,LONG,TREND,51951.025,53718.0,True,False,False,True,TRAILING_SL,3.3201943561267537,1724.8749999999989,2.0,2024-08,2024-08
2024-08-05 14:00:00,2024-08-06 08:00:00,LONG,TREND,54061.705,55014.0,True,False,False,True,TRAILING_SL,2.4370947975096207,1317.5349999999985,18.0,2024-08,2024-08
2024-08-06 14:00:00,2024-08-07 11:00:00,LONG,RANGE,56132.035,56895.05,True,False,False,True,TRAILING_SL,1.8035957541892058,1012.394999999999,21.0,2024-08,2024-08
2024-08-08 14:00:00,2024-08-08 22:00:00,LONG,RANGE,58922.275,61689.0,True,True,False,True,TRAILING_SL,3.0810504176900815,1815.4249999999986,8.0,2024-08,2024-08
2024-08-08 15:00:00,2024-08-08 22:00:00,LONG,RANGE,59428.055,61689.0,True,False,False,True,TRAILING_SL,2.9638526786717136,1761.3599999999994,7.0,2024-08,2024-08
2024-08-12 14:00:00,2024-08-13 19:00:00,LONG,RANGE,60300.005000000005,60737.1,True,False,False,True,TRAILING_SL,1.4086621275293916,849.4233333333295,29.0,2024-08,2024-08
2024-08-21 13:00:00,2024-08-21 20:00:00,LONG,RANGE,59928.025,60979.93,True,False,False,True,TRAILING_SL,1.9303823211260487,1156.8399999999988,7.0,2024-08,2024-08
2024-08-23 15:00:00,2024-08-23 21:00:00,LONG,RANGE,61533.075000000004,63936.0,True,True,False,True,TRAILING_SL,2.832078520372983,1742.664999999998,6.0,2024-08,2024-08
2024-08-26 14:00:00,2024-08-27 21:00:00,SHORT,RANGE,63500.575,60841.0,True,False,False,True,TRAILING_SL,3.087639035814502,1960.6685416666644,31.0,2024-08,2024-08
2024-08-27 08:00:00,2024-08-27 21:00:00,SHORT,RANGE,62813.354999999996,60841.0,True,False,False,True,TRAILING_SL,2.5743967982604934,1617.0649999999976,13.0,2024-08,2024-08
2024-08-27 09:00:00,2024-08-27 22:00:00,SHORT,RANGE,62679.965,58875.01,True,True,False,True,TRAILING_SL,3.2276198622637997,2023.0709999999976,13.0,2024-08,2024-08
2024-08-27 10:00:00,2024-08-27 22:00:00,SHORT,RANGE,62332.025,58875.01,True,True,False,True,TRAILING_SL,3.133995726915657,1953.4829999999993,12.0,2024-08,2024-08
2024-08-27 13:00:00,2024-08-27 22:00:00,SHORT,RANGE,62232.615,58875.01,True,True,False,True,TRAILING_SL,3.1070540744591857,1933.6009999999983,9.0,2024-08,2024-08
2024-08-28 10:00:00,2024-08-28 17:00:00,SHORT,TREND,59756.965,59122.0,True,False,False,True,TRAILING_SL,1.9393053177985153,1158.8699999999976,7.0,2024-08,2024-08
2024-09-03 13:00:00,2024-09-04 01:00:00,SHORT,RANGE,58398.965,56447.0,True,False,False,True,TRAILING_SL,2.751538490450983,1606.8699999999976,12.0,2024-09,2024-09
2024-09-05 14:00:00,2024-09-06 10:00:00,SHORT,RANGE,56557.985,56121.0,True,False,False,True,TRAILING_SL,1.5017861757274407,849.3799999999995,20.0,2024-09,2024-09
2024-09-05 15:00:00,2024-09-06 15:00:00,SHORT,RANGE,55975.985,54649.0,True,False,False,True,TRAILING_SL,2.3123844984594726,1294.3799999999997,24.0,2024-09,2024-09
2024-09-06 14:00:00,2024-09-06 22:00:00,SHORT,TREND,54733.215,53812.0,True,False,False,True,TRAILING_SL,2.378802341503231,1301.9949999999976,8.0,2024-09,2024-09
2024-09-09 08:00:00,2024-09-09 21:00:00,LONG,RANGE,55244.025,57247.0,True,False,False,True,TRAILING_SL,2.9548444379278997,1632.3749999999984,13.0,2024-09,2024-09
2024-09-09 09:00:00,2024-09-09 21:00:00,LONG,RANGE,55152.025,57247.0,True,False,False,True,TRAILING_SL,3.043179284894795,1678.3749999999989,12.0,2024-09,2024-09
2024-09-09 10:00:00,2024-09-09 21:00:00,LONG,RANGE,55364.025,57247.0,True,False,False,True,TRAILING_SL,2.840066270470759,1572.3749999999986,11.0,2024-09,2024-09
2024-09-09 13:00:00,2024-09-09 21:00:00,LONG,RANGE,55686.945,57247.0,True,False,False,True,TRAILING_SL,2.533654880870192,1410.9149999999995,8.0,2024-09,2024-09
2024-09-16 08:00:00,2024-09-16 23:00:00,SHORT,RANGE,58924.955,58334.3,True,False,False,True,TRAILING_SL,1.571855252159291,926.2149999999989,15.0,2024-09,2024-09
2024-09-19 09:00:00,2024-09-19 20:00:00,LONG,RANGE,62272.035,63009.0,True,False,False,True,TRAILING_SL,1.6048455779548516,999.3699999999975,11.0,2024-09,2024-09
2024-09-17 15:00:00,2024-09-20 13:00:00,LONG,TREND,61135.525,62871.32,True,False,False,True,TRAILING_SL,2.7958556692964773,1709.2610416666653,70.0,2024-09,2024-09
2024-09-19 08:00:00,2024-09-20 13:00:00,LONG,TREND,61932.025,62871.32,True,False,False,True,TRAILING_SL,2.1168837258806437,1311.0289583333317,29.0,2024-09,2024-09
2024-09-19 10:00:00,2024-09-20 13:00:00,LONG,TREND,62320.035,62871.32,True,False,False,True,TRAILING_SL,1.7924001085686125,1117.0243749999975,27.0,2024-09,2024-09
2024-09-26 15:00:00,2024-09-27 18:00:00,LONG,RANGE,65229.055,65657.0,True,False,False,True,TRAILING_SL,1.295211735015936,844.8543749999992,27.0,2024-09,2024-09
2024-09-30 08:00:00,2024-10-01 17:00:00,SHORT,TREND,64311.555,62354.0,True,False,False,True,TRAILING_SL,2.830209063259834,1820.1514583333328,33.0,2024-10,2024-10
2024-09-30 09:00:00,2024-10-01 17:00:00,SHORT,RANGE,63540.985,61933.0,True,False,False,True,TRAILING_SL,2.25817537295023,1434.8668749999997,32.0,2024-10,2024-10
2024-09-30 10:00:00,2024-10-01 17:00:00,SHORT,TREND,63645.965,62354.0,True,False,False,True,TRAILING_SL,2.33692315242084,1487.3572916666644,31.0,2024-10,2024-10
2024-09-30 13:00:00,2024-10-01 17:00:00,SHORT,TREND,63874.515,62354.0,True,False,False,True,TRAILING_SL,2.5074688107873158,1601.6335416666655,28.0,2024-10,2024-10
2024-09-30 14:00:00,2024-10-01 17:00:00,SHORT,RANGE,63740.695,61933.0,True,False,False,True,TRAILING_SL,2.407761569486076,1534.7239583333328,27.0,2024-10,2024-10
2024-10-06 14:00:00,2024-10-07 18:00:00,LONG,RANGE,62716.015,63154.0,True,False,False,True,TRAILING_SL,1.3551067591480948,849.868958333333,28.0,2024-10,2024-10
2024-10-06 15:00:00,2024-10-07 18:00:00,LONG,RANGE,62720.035,63154.0,True,False,False,True,TRAILING_SL,1.351823823121268,847.8643749999975,27.0,2024-10,2024-10
2024-10-09 13:00:00,2024-10-10 06:00:00,SHORT,RANGE,61800.965,61142.0,True,False,False,True,TRAILING_SL,1.5539724986494914,960.3699999999975,17.0,2024-10,2024-10
2024-10-10 14:00:00,2024-10-10 20:00:00,SHORT,RANGE,60593.924999999996,59787.0,True,False,False,True,TRAILING_SL,1.7070193092789372,1034.3499999999972,6.0,2024-10,2024-10
2024-10-14 08:00:00,2024-10-15 05:00:00,LONG,TREND,64428.015,65238.0,True,False,False,True,TRAILING_SL,1.9345311197310724,1246.3800000000033,21.0,2024-10,2024-10
2024-10-14 09:00:00,2024-10-16 13:00:00,LONG,TREND,64822.255000000005,67162.0,True,True,False,True,TRAILING_SL,3.5776477667019404,2319.111958333337,52.0,2024-10,2024-10
2024-10-14 10:00:00,2024-10-16 13:00:00,LONG,TREND,64860.205,67162.0,True,True,False,True,TRAILING_SL,3.563853020507728,2311.522375000004,51.0,2024-10,2024-10
2024-10-14 13:00:00,2024-10-16 13:00:00,LONG,TREND,65150.035,67162.0,True,False,False,True,TRAILING_SL,2.8355385764566376,1847.3543750000013,48.0,2024-10,2024-10
2024-10-14 14:00:00,2024-10-16 13:00:00,LONG,TREND,65922.025,67162.0,True,False,False,True,TRAILING_SL,2.216794513416934,1461.3558333333394,47.0,2024-10,2024-10
2024-10-15 08:00:00,2024-10-16 13:00:00,LONG,TREND,65754.025,67162.0,True,False,False,True,TRAILING_SL,2.3502271660682967,1545.3689583333394,29.0,2024-10,2024-10
2024-10-23 08:00:00,2024-10-23 19:00:00,SHORT,RANGE,66529.975,66101.0,True,False,False,True,TRAILING_SL,1.2706678455838922,845.3750000000023,11.0,2024-10,2024-10
2024-10-25 15:00:00,2024-10-25 19:00:00,SHORT,RANGE,67689.985,66847.6,True,False,False,True,TRAILING_SL,1.5542624215384304,1052.0800000000004,4.0,2024-10,2024-10
2024-10-27 13:00:00,2024-10-28 15:00:00,LONG,RANGE,67616.025,68439.0,True,False,False,True,TRAILING_SL,1.5416013930622796,1042.3695833333393,26.0,2024-10,2024-10
2024-10-29 08:00:00,2024-10-29 20:00:00,LONG,TREND,71134.03499999999,72358.12,True,False,False,True,TRAILING_SL,2.0432272680721772,1453.4300000000062,12.0,2024-10,2024-10
2024-10-29 09:00:00,2024-10-29 20:00:00,LONG,TREND,71301.44499999999,72358.12,True,False,False,True,TRAILING_SL,1.921033998679837,1369.7250000000047,11.0,2024-10,2024-10
2024-10-29 10:00:00,2024-10-29 20:00:00,LONG,TREND,71171.345,72358.12,True,False,False,True,TRAILING_SL,2.015944759790615,1434.775,10.0,2024-10,2024-10
2024-10-29 13:00:00,2024-10-29 20:00:00,LONG,TREND,71804.025,72358.12,True,False,False,True,TRAILING_SL,1.5576215957253141,1118.4350000000034,7.0,2024-10,2024-10
2024-10-29 14:00:00,2024-10-29 20:00:00,LONG,TREND,71867.11499999999,72358.12,True,False,False,True,TRAILING_SL,1.5123606951524426,1086.8900000000053,6.0,2024-10,2024-10
2024-10-31 13:00:00,2024-11-01 11:00:00,SHORT,TREND,71307.975,70092.0,True,False,False,True,TRAILING_SL,2.0325566670488198,1449.3750000000057,22.0,2024-11,2024-11
2024-10-31 14:00:00,2024-11-01 11:00:00,SHORT,TREND,70751.99500000001,70092.0,True,False,False,True,TRAILING_SL,1.6556211595164314,1171.3850000000077,21.0,2024-11,2024-11
2024-10-31 15:00:00,2024-11-01 11:00:00,SHORT,TREND,70619.975,70092.0,True,False,False,True,TRAILING_SL,1.5652441111739357,1105.3750000000057,20.0,2024-11,2024-11
2024-11-01 13:00:00,2024-11-01 16:00:00,SHORT,RANGE,71200.41500000001,69885.0,True,True,False,True,TRAILING_SL,2.1420703797864187,1525.1630000000064,3.0,2024-11,2024-11
2024-11-01 14:00:00,2024-11-01 16:00:00,SHORT,RANGE,71271.145,69885.0,True,True,False,True,TRAILING_SL,2.159792718357486,1539.3090000000054,2.0,2024-11,2024-11
2024-11-01 08:00:00,2024-11-03 06:00:00,SHORT,RANGE,69376.07500000001,68705.16,True,False,False,True,TRAILING_SL,1.3928817199108965,966.3266666666736,46.0,2024-11,2024-11
2024-11-01 09:00:00,2024-11-03 06:00:00,SHORT,RANGE,69534.875,68705.16,True,False,False,True,TRAILING_SL,1.5038886362179187,1045.7270833333346,45.0,2024-11,2024-11
2024-11-01 15:00:00,2024-11-03 20:00:00,SHORT,TREND,69387.74500000001,68740.73,True,False,False,True,TRAILING_SL,1.6787894846080913,1164.8741666666767,53.0,2024-11,2024-11
2024-11-04 13:00:00,2024-11-04 18:00:00,SHORT,RANGE,68662.365,68092.5,True,False,False,True,TRAILING_SL,1.333802003470177,915.8200000000056,5.0,2024-11,2024-11
2024-11-03 08:00:00,2024-11-04 22:00:00,SHORT,RANGE,68479.985,67676.0,True,False,False,True,TRAILING_SL,1.5082719060175074,1032.8643750000033,38.0,2024-11,2024-11
2024-11-03 09:00:00,2024-11-04 22:00:00,SHORT,RANGE,68242.405,67676.0,True,False,False,True,TRAILING_SL,1.3394527811068044,914.074791666669,37.0,2024-11,2024-11
2024-11-03 10:00:00,2024-11-04 22:00:00,SHORT,RANGE,68441.96500000001,67676.0,True,False,False,True,TRAILING_SL,1.4813356225721188,1013.8552083333418,36.0,2024-11,2024-11
2024-11-04 14:00:00,2024-11-04 22:00:00,SHORT,RANGE,68393.985,67676.0,True,False,False,True,TRAILING_SL,1.4473202577682867,989.8800000000033,8.0,2024-11,2024-11
2024-11-05 14:00:00,2024-11-06 01:00:00,LONG,RANGE,69964.025,70614.0,True,False,False,True,TRAILING_SL,1.366237862958865,955.8750000000059,11.0,2024-11,2024-11
2024-11-05 15:00:00,2024-11-06 01:00:00,LONG,RANGE,69640.015,70614.0,True,False,False,True,TRAILING_SL,1.6052265353475343,1117.880000000003,10.0,2024-11,2024-11
2024-11-06 08:00:00,2024-11-07 00:00:00,LONG,TREND,73456.06499999999,75138.0,True,False,False,True,TRAILING_SL,2.29028739832444,1682.3550000000093,16.0,2024-11,2024-11
2024-11-06 09:00:00,2024-11-07 00:00:00,LONG,TREND,73756.36499999999,75138.0,True,False,False,True,TRAILING_SL,2.0773868126500106,1532.2050000000079,15.0,2024-11,2024-11
2024-11-06 10:00:00,2024-11-07 00:00:00,LONG,TREND,73830.03499999999,75138.0,True,False,False,True,TRAILING_SL,2.025422309497766,1495.3700000000088,14.0,2024-11,2024-11
2024-11-06 13:00:00,2024-11-07 00:00:00,LONG,TREND,73987.075,75138.0,True,False,False,True,TRAILING_SL,1.9149966396157767,1416.8500000000045,11.0,2024-11,2024-11
2024-11-06 14:00:00,2024-11-07 00:00:00,LONG,TREND,73640.025,75138.0,True,False,False,True,TRAILING_SL,2.159661135367629,1590.3750000000055,10.0,2024-11,2024-11
2024-11-08 15:00:00,2024-11-10 05:00:00,LONG,RANGE,76427.745,78947.96,True,True,False,True,TRAILING_SL,2.310819846902466,1766.107500000007,38.0,2024-11,2024-11
2024-11-10 08:00:00,2024-11-10 19:00:00,LONG,TREND,79130.125,79807.99,True,False,False,True,TRAILING_SL,1.4916190262558104,1180.3200000000056,11.0,2024-11,2024-11
2024-11-10 09:00:00,2024-11-10 19:00:00,LONG,TREND,79368.025,79807.99,True,False,False,True,TRAILING_SL,1.3372765669802276,1061.3700000000088,10.0,2024-11,2024-11
2024-11-10 10:00:00,2024-11-10 23:00:00,LONG,TREND,79540.765,80238.0,True,False,False,True,TRAILING_SL,1.496094486896126,1190.0050000000033,13.0,2024-11,2024-11
2024-11-10 13:00:00,2024-11-10 23:00:00,LONG,TREND,79728.03499999999,80238.0,True,False,False,True,TRAILING_SL,1.3751373654198407,1096.3700000000083,10.0,2024-11,2024-11
2024-11-10 14:00:00,2024-11-10 23:00:00,LONG,TREND,79508.03499999999,80238.0,True,False,False,True,TRAILING_SL,1.5172931892984258,1206.3700000000085,9.0,2024-11,2024-11
2024-11-11 08:00:00,2024-11-11 18:00:00,LONG,TREND,81239.555,84570.65,True,True,False,True,TRAILING_SL,3.0987355851469216,2517.399000000005,10.0,2024-11,2024-11
2024-11-11 09:00:00,2024-11-11 18:00:00,LONG,TREND,81695.355,84570.65,True,False,False,True,TRAILING_SL,2.7896751290204964,2279.0350000000026,9.0,2024-11,2024-11
2024-11-11 10:00:00,2024-11-11 18:00:00,LONG,TREND,81984.215,84570.65,True,False,False,True,TRAILING_SL,2.6036780372904733,2134.605000000002,8.0,2024-11,2024-11
2024-11-11 13:00:00,2024-11-11 18:00:00,LONG,TREND,81835.765,84570.65,True,False,False,True,TRAILING_SL,2.6991010592984623,2208.8300000000004,5.0,2024-11,2024-11
2024-11-11 14:00:00,2024-11-11 18:00:00,LONG,TREND,82484.92499999999,84570.65,True,False,False,True,TRAILING_SL,2.284356808228905,1884.2500000000057,4.0,2024-11,2024-11
2024-11-13 13:00:00,2024-11-13 15:00:00,LONG,TREND,89152.03499999999,91428.0,True,False,False,True,TRAILING_SL,2.220218528943292,1979.3700000000083,2.0,2024-11,2024-11
2024-11-13 14:00:00,2024-11-13 17:00:00,LONG,TREND,91508.025,92003.64,True,False,False,True,TRAILING_SL,1.1902726564145665,1089.1950000000056,3.0,2024-11,2024-11
2024-11-14 14:00:00,2024-11-14 22:00:00,SHORT,TREND,88720.005,88291.65,True,False,False,True,TRAILING_SL,1.1897711232094816,1055.5650000000082,8.0,2024-11,2024-11
2024-11-18 08:00:00,2024-11-19 18:00:00,LONG,RANGE,91810.635,93015.0,True,False,False,True,TRAILING_SL,1.343042711409928,1233.0560416666722,34.0,2024-11,2024-11
2024-11-18 09:00:00,2024-11-19 18:00:00,LONG,RANGE,91710.625,93015.0,True,False,False,True,TRAILING_SL,1.3990325094102634,1283.0614583333363,33.0,2024-11,2024-11
2024-11-18 10:00:00,2024-11-19 18:00:00,LONG,RANGE,91769.44499999999,93015.0,True,False,False,True,TRAILING_SL,1.366088543959274,1253.6518750000066,32.0,2024-11,2024-11
2024-11-18 15:00:00,2024-11-19 19:00:00,LONG,RANGE,92309.53499999999,93064.51,True,False,False,True,TRAILING_SL,1.0923720303289066,1008.3635416666725,28.0,2024-11,2024-11
2024-11-19 15:00:00,2024-11-20 16:00:00,LONG,TREND,92392.015,93569.97,True,False,False,True,TRAILING_SL,1.548142219505301,1430.3597916666706,25.0,2024-11,2024-11
2024-11-20 08:00:00,2024-11-20 16:00:00,LONG,RANGE,93200.025,93990.97,True,False,False,True,TRAILING_SL,1.1012443397949803,1026.3600000000065,8.0,2024-11,2024-11
2024-11-20 09:00:00,2024-11-20 16:00:00,LONG,RANGE,93100.03499999999,93990.97,True,False,False,True,TRAILING_SL,1.1561273849145268,1076.355000000009,7.0,2024-11,2024-11
2024-11-20 10:00:00,2024-11-21 03:00:00,LONG,TREND,93278.525,94642.0,True,False,False,True,TRAILING_SL,1.63287852161042,1523.125000000006,17.0,2024-11,2024-11
2024-11-20 13:00:00,2024-11-21 04:00:00,LONG,RANGE,94382.905,96821.36,True,False,False,True,TRAILING_SL,1.9602225636093782,1850.115000000004,15.0,2024-11,2024-11
2024-11-21 08:00:00,2024-11-21 20:00:00,LONG,TREND,97108.015,97726.0,True,False,False,True,TRAILING_SL,1.1846395995222465,1150.380000000003,12.0,2024-11,2024-11
2024-11-21 09:00:00,2024-11-21 20:00:00,LONG,RANGE,97613.265,98147.0,True,False,False,True,TRAILING_SL,0.9197059436542803,897.7550000000033,11.0,2024-11,2024-11
2024-11-21 13:00:00,2024-11-21 20:00:00,LONG,RANGE,97512.03499999999,98147.0,True,False,False,True,TRAILING_SL,0.9725671297907059,948.3700000000084,7.0,2024-11,2024-11
2024-11-21 14:00:00,2024-11-21 20:00:00,LONG,TREND,97042.885,97726.0,True,False,False,True,TRAILING_SL,1.2189919951370012,1182.9450000000054,6.0,2024-11,2024-11
2024-11-21 10:00:00,2024-11-22 09:00:00,LONG,RANGE,97756.025,98578.99,True,False,False,True,TRAILING_SL,1.066297448162411,1042.3700000000085,23.0,2024-11,2024-11
2024-11-22 13:00:00,2024-11-22 21:00:00,LONG,RANGE,97763.56499999999,98747.01,True,False,False,True,TRAILING_SL,1.1482907768349144,1122.6100000000063,8.0,2024-11,2024-11
2024-11-22 14:00:00,2024-11-22 21:00:00,LONG,RANGE,97296.025,98747.01,True,True,False,True,TRAILING_SL,1.5954166678443493,1552.277000000005,7.0,2024-11,2024-11
2024-11-24 14:00:00,2024-11-24 20:00:00,SHORT,RANGE,97029.925,96575.77,True,False,False,True,TRAILING_SL,0.8842272113474294,857.9650000000023,6.0,2024-11,2024-11
2024-11-25 14:00:00,2024-11-25 22:00:00,SHORT,RANGE,95385.46500000001,93441.19,True,False,False,True,TRAILING_SL,1.6805757564844992,1603.0250000000074,8.0,2024-11,2024-11
2024-11-26 09:00:00,2024-11-26 13:00:00,SHORT,TREND,93519.595,92728.52,True,False,False,True,TRAILING_SL,1.3226372505141852,1236.9250000000015,4.0,2024-11,2024-11
2024-11-26 08:00:00,2024-11-26 22:00:00,SHORT,TREND,93142.82500000001,92053.1,True,False,False,True,TRAILING_SL,1.4883057283263694,1386.250000000006,14.0,2024-11,2024-11
2024-11-26 14:00:00,2024-11-26 22:00:00,SHORT,TREND,93274.125,92053.1,True,False,False,True,TRAILING_SL,1.5565946075613146,1451.9,8.0,2024-11,2024-11
2024-11-26 15:00:00,2024-11-26 22:00:00,SHORT,TREND,92812.975,92053.1,True,False,False,True,TRAILING_SL,1.315898989338509,1221.325000000003,7.0,2024-11,2024-11
2024-11-27 14:00:00,2024-11-27 17:00:00,LONG,RANGE,94833.435,95492.1,True,False,False,True,TRAILING_SL,1.0125331851577528,960.2200000000072,3.0,2024-11,2024-11
2024-11-29 10:00:00,2024-11-29 16:00:00,LONG,RANGE,96844.03499999999,97778.99,True,False,False,True,TRAILING_SL,1.1341586500397378,1098.3650000000112,6.0,2024-11,2024-11
2024-12-02 09:00:00,2024-12-02 15:00:00,LONG,RANGE,95493.20499999999,96373.77,True,False,False,True,TRAILING_SL,1.1217237917609024,1071.1700000000117,6.0,2024-12,2024-12
2024-12-02 13:00:00,2024-12-02 16:00:00,LONG,RANGE,95680.015,96515.69,True,False,False,True,TRAILING_SL,1.0960752880316798,1048.7250000000045,3.0,2024-12,2024-12
2024-12-05 15:00:00,2024-12-05 20:00:00,SHORT,TREND,101291.985,99150.0,True,False,False,True,TRAILING_SL,1.8879874848933045,1912.380000000003,5.0,2024-12,2024-12
2024-12-09 08:00:00,2024-12-09 16:00:00,SHORT,RANGE,98901.125,98301.0,True,False,False,True,TRAILING_SL,0.941293640491959,930.9500000000029,8.0,2024-12,2024-12
2024-12-09 09:00:00,2024-12-09 20:00:00,SHORT,RANGE,98406.05500000001,96952.0,True,False,False,True,TRAILING_SL,1.3799100065539733,1357.9150000000068,11.0,2024-12,2024-12
2024-12-11 13:00:00,2024-12-11 17:00:00,LONG,RANGE,98736.885,100249.9,True,True,False,True,TRAILING_SL,1.5846995780756146,1564.6830000000048,4.0,2024-12,2024-12
2024-12-11 14:00:00,2024-12-11 17:00:00,LONG,RANGE,99516.00499999999,100249.9,True,False,False,True,TRAILING_SL,1.0026879595900229,997.835000000005,3.0,2024-12,2024-12
2024-12-11 15:00:00,2024-12-12 00:00:00,LONG,RANGE,100361.665,101047.0,True,False,False,True,TRAILING_SL,0.9700466806723526,973.5550000000062,9.0,2024-12,2024-12
2024-12-15 13:00:00,2024-12-16 00:00:00,LONG,RANGE,102784.67499999999,105807.0,True,True,False,True,TRAILING_SL,1.8159759711260528,1866.545000000007,11.0,2024-12,2024-12
2024-12-15 14:00:00,2024-12-16 00:00:00,LONG,RANGE,102994.39499999999,105807.0,True,True,False,True,TRAILING_SL,1.7715536850330613,1824.6010000000067,10.0,2024-12,2024-12
2024-12-15 15:00:00,2024-12-16 00:00:00,LONG,RANGE,102704.03499999999,105807.0,True,True,False,True,TRAILING_SL,1.8331051939682868,1882.6730000000068,9.0,2024-12,2024-12
2024-12-16 08:00:00,2024-12-16 19:00:00,LONG,TREND,104535.465,106531.07,True,False,False,True,TRAILING_SL,1.7593933312488812,1839.1900000000082,11.0,2024-12,2024-12
2024-12-16 09:00:00,2024-12-16 19:00:00,LONG,TREND,104676.745,106531.07,True,False,False,True,TRAILING_SL,1.6895347672494103,1768.5500000000088,10.0,2024-12,2024-12
2024-12-16 10:00:00,2024-12-16 19:00:00,LONG,TREND,104685.015,106531.07,True,False,False,True,TRAILING_SL,1.6854513513705918,1764.4150000000066,9.0,2024-12,2024-12
2024-12-16 13:00:00,2024-12-16 19:00:00,LONG,TREND,103908.045,106531.07,True,True,False,True,TRAILING_SL,2.2864302759232995,2375.785000000006,6.0,2024-12,2024-12
2024-12-16 14:00:00,2024-12-16 19:00:00,LONG,TREND,105487.025,106531.07,True,False,False,True,TRAILING_SL,1.2924907115353848,1363.4100000000092,5.0,2024-12,2024-12
2024-12-20 08:00:00,2024-12-20 12:00:00,SHORT,TREND,95473.71500000001,93494.54,True,False,False,True,TRAILING_SL,1.9177791499995696,1830.975000000012,4.0,2024-12,2024-12
2024-12-20 09:00:00,2024-12-20 12:00:00,SHORT,TREND,94811.82500000001,93494.54,True,False,False,True,TRAILING_SL,1.5821127797086616,1500.030000000012,3.0,2024-12,2024-12
2024-12-20 10:00:00,2024-12-20 12:00:00,SHORT,TREND,94359.505,93494.54,True,False,False,True,TRAILING_SL,1.3500176797239543,1273.8700000000088,2.0,2024-12,2024-12
2024-12-22 14:00:00,2024-12-23 02:00:00,SHORT,RANGE,95363.41500000001,94541.42,True,False,False,True,TRAILING_SL,1.0925416209140661,1041.8850000000077,12.0,2024-12,2024-12
2024-12-24 14:00:00,2024-12-24 18:00:00,LONG,RANGE,97465.08499999999,98646.99,True,False,False,True,TRAILING_SL,1.2536181546448248,1221.84000000001,4.0,2024-12,2024-12
2024-12-24 15:00:00,2024-12-26 00:00:00,LONG,RANGE,98300.025,99122.7,True,False,False,True,TRAILING_SL,1.0602351915305595,1042.2114583333378,33.0,2024-12,2024-12
2025-01-02 09:00:00,2025-01-03 23:00:00,LONG,RANGE,96755.53499999999,98135.91,True,True,False,True,TRAILING_SL,1.589719001605446,1538.1411250000078,38.0,2025-01,2025-01
2025-01-02 10:00:00,2025-01-03 23:00:00,LONG,RANGE,96708.025,98135.91,True,True,False,True,TRAILING_SL,1.6003258691992452,1547.6435416666732,37.0,2025-01,2025-01
2025-01-02 14:00:00,2025-01-03 23:00:00,LONG,RANGE,97256.515,98135.91,True,False,False,True,TRAILING_SL,1.1007718009088354,1070.5722916666716,33.0,2025-01,2025-01
2025-01-03 09:00:00,2025-01-03 23:00:00,LONG,RANGE,96554.345,98135.91,True,True,False,True,TRAILING_SL,1.6347198046861644,1578.3930000000053,14.0,2025-01,2025-01
2025-01-02 15:00:00,2025-01-04 09:00:00,LONG,TREND,96455.03499999999,97714.91,True,False,False,True,TRAILING_SL,1.525385420954621,1471.3110416666768,42.0,2025-01,2025-01
2025-01-08 08:00:00,2025-01-08 13:00:00,SHORT,RANGE,95945.96500000001,95384.86,True,False,False,True,TRAILING_SL,0.9499513606434706,911.4400000000081,5.0,2025-01,2025-01
2025-01-08 09:00:00,2025-01-08 18:00:00,SHORT,RANGE,95432.79500000001,93341.9,True,True,False,True,TRAILING_SL,1.7606725235282148,1680.2590000000082,9.0,2025-01,2025-01
2025-01-08 10:00:00,2025-01-08 18:00:00,SHORT,TREND,95960.99500000001,93762.9,True,True,False,True,TRAILING_SL,2.38721889034186,2290.7990000000077,8.0,2025-01,2025-01
2025-01-08 13:00:00,2025-01-08 18:00:00,SHORT,RANGE,95383.975,93341.9,True,True,False,True,TRAILING_SL,1.7513371611950612,1670.495000000007,5.0,2025-01,2025-01
2025-01-08 15:00:00,2025-01-08 18:00:00,SHORT,RANGE,95493.74500000001,93341.9,True,True,False,True,TRAILING_SL,1.7723139876857983,1692.449000000008,3.0,2025-01,2025-01
2025-01-09 09:00:00,2025-01-09 14:00:00,SHORT,RANGE,93516.595,92641.0,True,False,False,True,TRAILING_SL,1.1427757822020825,1068.6850000000036,5.0,2025-01,2025-01
2025-01-09 10:00:00,2025-01-09 14:00:00,SHORT,RANGE,93462.405,92641.0,True,False,False,True,TRAILING_SL,1.1144481034914544,1041.5900000000022,4.0,2025-01,2025-01
2025-01-09 15:00:00,2025-01-09 19:00:00,SHORT,TREND,94243.99500000001,93162.01,True,False,False,True,TRAILING_SL,1.4668096359879592,1382.3800000000106,4.0,2025-01,2025-01
2025-01-09 08:00:00,2025-01-09 21:00:00,SHORT,TREND,93030.845,92465.67,True,False,False,True,TRAILING_SL,1.208174557588942,1123.9750000000042,13.0,2025-01,2025-01
2025-01-13 08:00:00,2025-01-13 11:00:00,SHORT,RANGE,93039.07500000001,91674.12,True,False,False,True,TRAILING_SL,1.4116273189517532,1313.3650000000112,3.0,2025-01,2025-01
2025-01-13 09:00:00,2025-01-13 11:00:00,SHORT,RANGE,92846.765,91674.12,True,False,False,True,TRAILING_SL,1.3109880565036436,1217.210000000005,2.0,2025-01,2025-01
2025-01-13 10:00:00,2025-01-13 13:00:00,SHORT,RANGE,91644.93500000001,91141.0,True,False,False,True,TRAILING_SL,0.9633429277897452,882.8550000000091,3.0,2025-01,2025-01
2025-01-13 13:00:00,2025-01-13 15:00:00,SHORT,TREND,91131.38500000001,90518.69,True,False,False,True,TRAILING_SL,1.2594289003728036,1147.7350000000063,2.0,2025-01,2025-01
2025-01-14 13:00:00,2025-01-15 05:00:00,LONG,RANGE,96336.025,96883.96,True,False,False,True,TRAILING_SL,0.9392696034531309,904.855000000009,16.0,2025-01,2025-01
2025-01-14 09:00:00,2025-01-15 17:00:00,LONG,RANGE,97159.465,98638.53,True,True,False,True,TRAILING_SL,1.6034265163975587,1557.8806250000055,32.0,2025-01,2025-01
2025-01-15 13:00:00,2025-01-15 21:00:00,LONG,RANGE,98964.025,99840.94,True,False,False,True,TRAILING_SL,1.0805391150976398,1069.3450000000068,8.0,2025-01,2025-01
2025-01-14 10:00:00,2025-01-16 02:00:00,LONG,TREND,96697.105,99604.66,True,True,False,True,TRAILING_SL,2.5157710684995926,2432.677791666673,40.0,2025-01,2025-01
2025-01-14 14:00:00,2025-01-16 02:00:00,LONG,TREND,96293.625,99604.66,True,True,False,True,TRAILING_SL,2.610121256729099,2513.3803750000056,36.0,2025-01,2025-01
2025-01-14 15:00:00,2025-01-16 02:00:00,LONG,TREND,96471.67499999999,99604.66,True,True,False,True,TRAILING_SL,2.5683917930660387,2477.770583333341,35.0,2025-01,2025-01
2025-01-17 09:00:00,2025-01-17 16:00:00,LONG,RANGE,101861.28499999999,104159.0,True,False,False,True,TRAILING_SL,1.7472241784501432,1779.7450000000088,7.0,2025-01,2025-01
2025-01-17 08:00:00,2025-01-17 17:00:00,LONG,RANGE,102136.03499999999,104428.24,True,True,False,True,TRAILING_SL,1.684538664536966,1720.5210000000081,9.0,2025-01,2025-01
2025-01-17 10:00:00,2025-01-17 17:00:00,LONG,RANGE,102321.555,104428.24,True,True,False,True,TRAILING_SL,1.645222260353654,1683.417000000007,7.0,2025-01,2025-01
2025-01-17 13:00:00,2025-01-17 17:00:00,LONG,RANGE,102474.165,104428.24,True,True,False,True,TRAILING_SL,1.6129870392210632,1652.895000000007,4.0,2025-01,2025-01
2025-01-17 14:00:00,2025-01-17 20:00:00,LONG,TREND,103378.97499999999,104603.22,True,False,False,True,TRAILING_SL,1.4060015588276127,1453.5100000000077,6.0,2025-01,2025-01
2025-01-22 13:00:00,2025-01-23 02:00:00,SHORT,RANGE,104073.91500000001,102941.0,True,False,False,True,TRAILING_SL,1.1504756018835334,1197.345000000007,13.0,2025-01,2025-01
2025-01-26 09:00:00,2025-01-27 00:00:00,SHORT,RANGE,104630.005,102441.0,True,True,False,True,TRAILING_SL,1.6246591979040865,1699.8810000000058,15.0,2025-01,2025-01
2025-01-30 13:00:00,2025-01-30 17:00:00,LONG,RANGE,104880.015,105381.08,True,False,False,True,TRAILING_SL,0.8404079652353253,881.4200000000039,4.0,2025-01,2025-01
2025-02-02 08:00:00,2025-02-02 14:00:00,SHORT,RANGE,99831.015,98998.0,True,False,False,True,TRAILING_SL,1.0491679364373914,1047.3950000000025,6.0,2025-02,2025-02
2025-02-02 09:00:00,2025-02-02 14:00:00,SHORT,RANGE,99690.755,98998.0,True,False,False,True,TRAILING_SL,0.9802965179669922,977.2650000000052,5.0,2025-02,2025-02
2025-02-02 10:00:00,2025-02-02 19:00:00,SHORT,TREND,99417.035,98083.54,True,False,False,True,TRAILING_SL,1.5169784534411108,1508.135000000008,9.0,2025-02,2025-02
2025-02-02 13:00:00,2025-02-02 19:00:00,SHORT,TREND,98795.85500000001,98083.54,True,False,False,True,TRAILING_SL,1.2121409344552068,1197.5450000000112,6.0,2025-02,2025-02
2025-02-02 14:00:00,2025-02-02 19:00:00,SHORT,TREND,99205.05500000001,98083.54,True,False,False,True,TRAILING_SL,1.4133805983979446,1402.1450000000102,5.0,2025-02,2025-02
2025-02-02 15:00:00,2025-02-02 19:00:00,SHORT,TREND,99346.845,98083.54,True,False,False,True,TRAILING_SL,1.4827244891370297,1473.0400000000068,4.0,2025-02,2025-02
2025-02-03 14:00:00,2025-02-03 16:00:00,LONG,TREND,96589.525,98238.0,True,False,False,True,TRAILING_SL,1.724436474866199,1665.6250000000061,2.0,2025-02,2025-02
2025-02-03 15:00:00,2025-02-04 00:00:00,LONG,TREND,98842.025,101238.01,True,True,False,True,TRAILING_SL,2.357678325590765,2330.377000000005,9.0,2025-02,2025-02
2025-02-06 14:00:00,2025-02-06 17:00:00,SHORT,RANGE,97835.955,97181.81,True,False,False,True,TRAILING_SL,0.979149229953349,957.9600000000049,3.0,2025-02,2025-02
2025-02-16 13:00:00,2025-02-17 20:00:00,SHORT,RANGE,96842.345,96046.0,True,False,False,True,TRAILING_SL,1.0626014116035742,1029.0481250000034,31.0,2025-02,2025-02
2025-02-17 15:00:00,2025-02-18 19:00:00,SHORT,RANGE,95659.43500000001,94229.09,True,False,False,True,TRAILING_SL,1.407125967239939,1346.048750000011,28.0,2025-02,2025-02
2025-02-20 08:00:00,2025-02-21 14:00:00,LONG,RANGE,97150.03499999999,98539.17,True,False,False,True,TRAILING_SL,1.3643317266947026,1325.4487500000077,30.0,2025-02,2025-02
2025-02-20 09:00:00,2025-02-21 14:00:00,LONG,RANGE,97184.655,98539.17,True,False,False,True,TRAILING_SL,1.3460344725546807,1308.1389583333362,29.0,2025-02,2025-02
2025-02-20 10:00:00,2025-02-21 14:00:00,LONG,RANGE,97374.00499999999,98539.17,True,False,False,True,TRAILING_SL,1.2461890282387726,1213.4641666666737,28.0,2025-02,2025-02
2025-02-20 13:00:00,2025-02-21 14:00:00,LONG,RANGE,97562.215,98539.17,True,False,False,True,TRAILING_SL,1.1473292110748723,1119.3597916666706,25.0,2025-02,2025-02
2025-02-20 14:00:00,2025-02-21 14:00:00,LONG,RANGE,96966.935,98539.17,True,False,False,True,TRAILING_SL,1.461328028982254,1417.0050000000033,24.0,2025-02,2025-02
2025-02-24 08:00:00,2025-02-24 16:00:00,SHORT,RANGE,95509.46500000001,94658.06,True,False,False,True,TRAILING_SL,1.1062673212545056,1056.5900000000097,8.0,2025-02,2025-02
2025-02-24 14:00:00,2025-02-24 23:00:00,SHORT,TREND,94674.41500000001,92611.26,True,False,False,True,TRAILING_SL,1.9783222320412643,1872.9650000000097,9.0,2025-02,2025-02
2025-02-25 08:00:00,2025-02-25 11:00:00,SHORT,TREND,89400.505,88150.1,True,False,False,True,TRAILING_SL,1.64047171769332,1466.5900000000024,3.0,2025-02,2025-02
2025-02-25 13:00:00,2025-02-25 15:00:00,SHORT,TREND,88826.085,87312.99,True,False,False,True,TRAILING_SL,1.7989479104026747,1597.9350000000038,2.0,2025-02,2025-02
2025-02-25 09:00:00,2025-02-25 16:00:00,SHORT,TREND,88303.705,87312.99,True,False,False,True,TRAILING_SL,1.5138039791195637,1336.745000000001,7.0,2025-02,2025-02
2025-02-25 10:00:00,2025-02-25 16:00:00,SHORT,TREND,88213.74500000001,87312.99,True,False,False,True,TRAILING_SL,1.4643579637164312,1291.7650000000053,6.0,2025-02,2025-02
2025-02-25 14:00:00,2025-02-26 15:00:00,SHORT,TREND,87157.225,86680.72,True,False,False,True,TRAILING_SL,1.2387209341126588,1079.6347916666718,25.0,2025-02,2025-02
2025-02-25 15:00:00,2025-02-26 15:00:00,SHORT,TREND,87231.235,86680.72,True,False,False,True,TRAILING_SL,1.280097662265131,1116.6450000000027,24.0,2025-02,2025-02
2025-02-26 13:00:00,2025-02-26 15:00:00,SHORT,RANGE,87191.96500000001,86259.72,True,False,False,True,TRAILING_SL,1.2581549228762166,1097.010000000008,2.0,2025-02,2025-02
2025-02-27 14:00:00,2025-02-27 20:00:00,SHORT,RANGE,84968.625,83557.49,True,False,False,True,TRAILING_SL,1.5728805779780481,1336.4550000000004,6.0,2025-02,2025-02
2025-03-03 14:00:00,2025-03-03 19:00:00,SHORT,RANGE,89278.85500000001,86396.45,True,True,False,True,TRAILING_SL,2.0593465272376164,1838.5610000000074,5.0,2025-03,2025-03
2025-03-05 10:00:00,2025-03-06 02:00:00,LONG,RANGE,89926.095,91159.0,True,False,False,True,TRAILING_SL,1.38707235091216,1247.3400000000024,16.0,2025-03,2025-03
2025-03-07 15:00:00,2025-03-07 17:00:00,SHORT,RANGE,88457.96500000001,87395.77,True,False,False,True,TRAILING_SL,1.3136013246517781,1161.9850000000065,2.0,2025-03,2025-03
2025-03-09 10:00:00,2025-03-09 15:00:00,SHORT,RANGE,84844.07500000001,83552.5,True,False,False,True,TRAILING_SL,1.5047308842721294,1276.6750000000088,5.0,2025-03,2025-03
2025-03-09 13:00:00,2025-03-09 18:00:00,SHORT,RANGE,83489.925,83064.0,True,False,False,True,TRAILING_SL,1.0107207546299801,843.8500000000045,5.0,2025-03,2025-03
2025-03-09 14:00:00,2025-03-09 18:00:00,SHORT,RANGE,83602.54500000001,83064.0,True,False,False,True,TRAILING_SL,1.07671363353832,900.1600000000093,4.0,2025-03,2025-03
2025-03-09 15:00:00,2025-03-09 22:00:00,SHORT,RANGE,83080.38500000001,81043.53,True,False,False,True,TRAILING_SL,1.9852038480563228,1649.315000000008,7.0,2025-03,2025-03
2025-03-10 08:00:00,2025-03-10 16:00:00,SHORT,RANGE,81350.43500000001,79833.1,True,True,False,True,TRAILING_SL,1.9244482220654453,1565.547000000006,8.0,2025-03,2025-03
2025-03-10 09:00:00,2025-03-10 16:00:00,SHORT,RANGE,82514.235,79833.1,True,True,False,True,TRAILING_SL,2.1793900167649904,1798.3070000000037,7.0,2025-03,2025-03
2025-03-10 10:00:00,2025-03-10 18:00:00,SHORT,TREND,82288.16500000001,78763.1,True,True,False,True,TRAILING_SL,3.1063920309804027,2556.193000000005,8.0,2025-03,2025-03
2025-03-10 13:00:00,2025-03-10 18:00:00,SHORT,TREND,81528.91500000001,78763.1,True,False,False,True,TRAILING_SL,2.7282283837580863,2224.295000000004,5.0,2025-03,2025-03
2025-03-10 14:00:00,2025-03-10 19:00:00,SHORT,TREND,79847.05500000001,78721.91,True,False,False,True,TRAILING_SL,1.7583115620231766,1403.960000000005,5.0,2025-03,2025-03
2025-03-11 15:00:00,2025-03-12 02:00:00,LONG,TREND,81232.265,82521.26,True,False,False,True,TRAILING_SL,1.829180806419716,1485.8850000000004,11.0,2025-03,2025-03
2025-03-15 14:00:00,2025-03-16 14:00:00,SHORT,RANGE,84131.725,83222.46,True,False,False,True,TRAILING_SL,1.2902623831854185,1085.5200000000025,24.0,2025-03,2025-03
2025-03-16 09:00:00,2025-03-16 14:00:00,SHORT,RANGE,83896.99500000001,83222.46,True,False,False,True,TRAILING_SL,1.1539805448335838,968.1550000000046,5.0,2025-03,2025-03
2025-03-23 13:00:00,2025-03-24 01:00:00,LONG,RANGE,85093.61499999999,85800.13,True,False,False,True,TRAILING_SL,1.1565438840505367,984.1450000000099,12.0,2025-03,2025-03
2025-03-23 15:00:00,2025-03-24 01:00:00,LONG,RANGE,85189.435,85800.13,True,False,False,True,TRAILING_SL,1.0990036499244378,936.2350000000065,10.0,2025-03,2025-03
2025-03-28 08:00:00,2025-03-28 22:00:00,SHORT,RANGE,85213.845,84426.0,True,False,False,True,TRAILING_SL,1.202633210600934,1024.8100000000036,14.0,2025-03,2025-03
2025-03-28 09:00:00,2025-03-28 22:00:00,SHORT,RANGE,85147.975,84426.0,True,False,False,True,TRAILING_SL,1.1648838389873697,991.8750000000059,13.0,2025-03,2025-03
2025-03-28 10:00:00,2025-03-28 22:00:00,SHORT,RANGE,84941.46500000001,84426.0,True,False,False,True,TRAILING_SL,1.0461557261815633,888.6200000000085,12.0,2025-03,2025-03
2025-03-28 13:00:00,2025-03-30 01:00:00,SHORT,TREND,84993.975,82906.81,True,False,False,True,TRAILING_SL,2.2177601412335486,1884.9625000000071,36.0,2025-03,2025-03
2025-03-28 14:00:00,2025-03-30 01:00:00,SHORT,TREND,84171.985,82906.81,True,False,False,True,TRAILING_SL,1.751138111253213,1473.9677083333377,35.0,2025-03,2025-03
2025-03-29 08:00:00,2025-03-30 01:00:00,SHORT,TREND,83934.925,82906.81,True,False,False,True,TRAILING_SL,1.6148760483195828,1355.4450000000056,17.0,2025-03,2025-03
2025-03-29 09:00:00,2025-03-30 01:00:00,SHORT,TREND,83544.77500000001,82906.81,True,False,False,True,TRAILING_SL,1.3889198935540952,1160.3700000000085,16.0,2025-03,2025-03
2025-04-01 08:00:00,2025-04-02 02:00:00,LONG,RANGE,84121.965,84738.46,True,False,False,True,TRAILING_SL,1.1163968887317455,939.1350000000078,18.0,2025-04,2025-04
2025-04-01 10:00:00,2025-04-02 02:00:00,LONG,RANGE,84176.015,84738.46,True,False,False,True,TRAILING_SL,1.0835746976142864,912.1100000000063,16.0,2025-04,2025-04
2025-04-01 13:00:00,2025-04-02 02:00:00,LONG,RANGE,83618.25499999999,84738.46,True,False,False,True,TRAILING_SL,1.424318170715248,1190.9900000000112,13.0,2025-04,2025-04
2025-03-31 14:00:00,2025-04-02 05:00:00,LONG,TREND,83499.20499999999,84317.46,True,False,False,True,TRAILING_SL,1.4976207957109844,1250.501458333346,39.0,2025-04,2025-04
2025-04-01 09:00:00,2025-04-02 17:00:00,LONG,RANGE,84362.025,86492.0,True,True,False,True,TRAILING_SL,2.000974520229933,1688.0626250000062,32.0,2025-04,2025-04
2025-04-02 08:00:00,2025-04-02 17:00:00,LONG,RANGE,84677.06499999999,86492.0,True,True,False,True,TRAILING_SL,1.919134773979244,1625.0670000000073,9.0,2025-04,2025-04
2025-04-02 09:00:00,2025-04-02 17:00:00,LONG,RANGE,85019.64499999999,86492.0,True,True,False,True,TRAILING_SL,1.8308133373175188,1556.551000000007,8.0,2025-04,2025-04
2025-04-02 10:00:00,2025-04-02 17:00:00,LONG,RANGE,84867.94499999999,86492.0,True,True,False,True,TRAILING_SL,1.8698355427364317,1586.8910000000062,7.0,2025-04,2025-04
2025-04-02 13:00:00,2025-04-02 17:00:00,LONG,RANGE,85215.845,86492.0,True,False,False,True,TRAILING_SL,1.489118602297498,1268.9650000000024,4.0,2025-04,2025-04
2025-04-05 13:00:00,2025-04-06 18:00:00,SHORT,RANGE,82755.265,79535.99,True,True,False,True,TRAILING_SL,2.3030839790072615,1905.9232500000037,29.0,2025-04,2025-04
2025-04-05 15:00:00,2025-04-06 18:00:00,SHORT,RANGE,82618.235,79535.99,True,False,False,True,TRAILING_SL,2.6289583145093016,2171.998958333334,27.0,2025-04,2025-04
2025-04-06 13:00:00,2025-04-06 18:00:00,SHORT,RANGE,82305.985,79535.99,True,False,False,True,TRAILING_SL,2.449256879678921,2015.885000000001,5.0,2025-04,2025-04
2025-04-08 14:00:00,2025-04-08 18:00:00,SHORT,RANGE,78479.88500000001,77397.98,True,False,False,True,TRAILING_SL,1.49317242246215,1171.8400000000097,4.0,2025-04,2025-04
2025-04-09 13:00:00,2025-04-09 18:00:00,LONG,TREND,77698.14499999999,81728.0,True,True,False,True,TRAILING_SL,3.419838401547434,2657.151000000007,5.0,2025-04,2025-04
2025-04-11 09:00:00,2025-04-11 22:00:00,LONG,RANGE,82450.025,83459.0,True,False,False,True,TRAILING_SL,1.3770462774268484,1135.3750000000057,13.0,2025-04,2025-04
2025-04-12 13:00:00,2025-04-13 00:00:00,LONG,RANGE,84458.265,85064.0,True,False,False,True,TRAILING_SL,1.1055815555765953,933.7550000000031,11.0,2025-04,2025-04
2025-04-11 13:00:00,2025-04-13 02:00:00,LONG,TREND,82930.69499999999,84838.0,True,False,False,True,TRAILING_SL,2.164496862912669,1795.0322916666737,37.0,2025-04,2025-04
2025-04-12 14:00:00,2025-04-13 02:00:00,LONG,RANGE,84827.775,85259.0,True,False,False,True,TRAILING_SL,0.9979042831195395,846.5000000000058,12.0,2025-04,2025-04
2025-04-21 08:00:00,2025-04-22 21:00:00,LONG,TREND,87569.305,92626.0,True,True,False,True,TRAILING_SL,3.268845459033855,2862.5052500000065,37.0,2025-04,2025-04
2025-04-21 09:00:00,2025-04-22 21:00:00,LONG,TREND,87516.075,92626.0,True,True,False,True,TRAILING_SL,3.2829997231937167,2873.152500000005,36.0,2025-04,2025-04
2025-04-21 10:00:00,2025-04-22 21:00:00,LONG,TREND,87347.855,92626.0,True,True,False,True,TRAILING_SL,3.3278400673567456,2906.7969166666726,35.0,2025-04,2025-04
2025-04-22 08:00:00,2025-04-22 21:00:00,LONG,TREND,88414.355,92626.0,True,False,False,True,TRAILING_SL,3.3334066623004883,2947.210000000005,13.0,2025-04,2025-04
2025-04-22 09:00:00,2025-04-22 21:00:00,LONG,TREND,88574.36499999999,92626.0,True,False,False,True,TRAILING_SL,3.237059616515465,2867.2050000000077,12.0,2025-04,2025-04
2025-04-23 10:00:00,2025-04-25 17:00:00,LONG,TREND,93745.215,94496.04,True,False,False,True,TRAILING_SL,1.297962470226704,1216.7777083333347,55.0,2025-04,2025-04
2025-05-01 10:00:00,2025-05-02 21:00:00,LONG,TREND,96169.03499999999,96633.68,True,False,False,True,TRAILING_SL,1.1164683881875337,1073.696875000005,35.0,2025-05,2025-05
2025-05-03 10:00:00,2025-05-05 01:00:00,SHORT,RANGE,95896.475,94552.08,True,False,False,True,TRAILING_SL,1.3588290567162886,1303.0691666666714,39.0,2025-05,2025-05
2025-05-08 08:00:00,2025-05-08 20:00:00,LONG,TREND,99666.685,101589.0,True,False,False,True,TRAILING_SL,1.8085732459146246,1802.5450000000042,12.0,2025-05,2025-05
2025-05-08 09:00:00,2025-05-08 20:00:00,LONG,TREND,99790.995,101589.0,True,False,False,True,TRAILING_SL,1.7440351206038234,1740.3900000000053,11.0,2025-05,2025-05
2025-05-08 10:00:00,2025-05-08 20:00:00,LONG,TREND,99780.69499999999,101589.0,True,False,False,True,TRAILING_SL,1.749376470067689,1745.540000000007,10.0,2025-05,2025-05
2025-05-08 15:00:00,2025-05-08 21:00:00,LONG,TREND,100758.105,102883.76,True,False,False,True,TRAILING_SL,1.8898876671013238,1904.2150000000024,6.0,2025-05,2025-05
2025-05-09 13:00:00,2025-05-12 08:00:00,LONG,TREND,103633.525,104557.45,True,False,False,True,TRAILING_SL,1.2576261317625461,1303.322291666671,67.0,2025-05,2025-05
2025-05-18 13:00:00,2025-05-19 00:00:00,LONG,RANGE,104740.025,106267.62,True,False,False,True,TRAILING_SL,1.3315683283443973,1394.6850000000038,11.0,2025-05,2025-05
2025-05-18 14:00:00,2025-05-19 00:00:00,LONG,RANGE,105270.995,106267.62,True,False,False,True,TRAILING_SL,1.0726601377710954,1129.2000000000028,10.0,2025-05,2025-05
2025-05-18 15:00:00,2025-05-19 01:00:00,LONG,RANGE,105518.025,106267.62,True,False,False,True,TRAILING_SL,0.9530930852809305,1005.6850000000036,10.0,2025-05,2025-05
2025-05-19 15:00:00,2025-05-20 01:00:00,LONG,RANGE,104786.435,105948.58,True,False,False,True,TRAILING_SL,1.156600088551543,1211.960000000005,10.0,2025-05,2025-05
2025-05-21 14:00:00,2025-05-22 00:00:00,LONG,RANGE,109000.015,109956.38,True,False,False,True,TRAILING_SL,1.0174952728217566,1109.0700000000056,10.0,2025-05,2025-05
2025-05-21 15:00:00,2025-05-22 00:00:00,LONG,TREND,108973.375,109535.38,True,False,False,True,TRAILING_SL,1.0299671823507397,1122.3900000000056,9.0,2025-05,2025-05
2025-05-28 13:00:00,2025-05-28 23:00:00,SHORT,RANGE,108068.425,107610.43,True,False,False,True,TRAILING_SL,0.7956856963539607,859.8850000000078,10.0,2025-05,2025-05
2025-05-28 14:00:00,2025-05-30 00:00:00,SHORT,RANGE,107522.695,105441.5,True,True,False,True,TRAILING_SL,1.560885742927735,1678.3064166666727,34.0,2025-05,2025-05
2025-05-28 15:00:00,2025-05-30 00:00:00,SHORT,RANGE,107107.285,105441.5,True,False,False,True,TRAILING_SL,1.366636732506108,1463.7675000000047,33.0,2025-05,2025-05
2025-05-29 15:00:00,2025-05-30 00:00:00,SHORT,RANGE,107019.865,105441.5,True,False,False,True,TRAILING_SL,1.3269218756723395,1420.0700000000056,9.0,2025-05,2025-05
2025-05-30 09:00:00,2025-05-30 18:00:00,SHORT,RANGE,105623.015,104547.71,True,False,False,True,TRAILING_SL,1.1063308503359797,1168.5399999999995,9.0,2025-05,2025-05
2025-05-30 10:00:00,2025-05-30 19:00:00,SHORT,TREND,105925.035,104968.71,True,False,False,True,TRAILING_SL,1.2457394986935824,1319.5500000000015,9.0,2025-05,2025-05
2025-05-30 13:00:00,2025-05-30 19:00:00,SHORT,TREND,105495.565,104968.71,True,False,False,True,TRAILING_SL,1.0472620341907273,1104.815000000001,6.0,2025-05,2025-05
2025-05-30 08:00:00,2025-05-31 14:00:00,SHORT,TREND,105177.30500000001,104330.55,True,False,False,True,TRAILING_SL,1.2025015757914743,1264.7587500000052,30.0,2025-05,2025-05
2025-05-30 14:00:00,2025-05-31 14:00:00,SHORT,TREND,105346.30500000001,104330.55,True,False,False,True,TRAILING_SL,1.2807900571358486,1349.2650000000053,24.0,2025-05,2025-05
2025-05-31 14:00:00,2025-06-02 02:00:00,LONG,RANGE,104573.94499999999,105025.91,True,False,False,True,TRAILING_SL,0.8193777379250715,856.8556250000083,36.0,2025-06,2025-06
2025-06-08 13:00:00,2025-06-09 21:00:00,LONG,RANGE,105627.92499999999,109689.17,True,True,False,True,TRAILING_SL,1.9638048682044453,2074.3263333333402,32.0,2025-06,2025-06
2025-06-08 14:00:00,2025-06-09 21:00:00,LONG,RANGE,105829.685,109689.17,True,True,False,True,TRAILING_SL,1.9219318442331863,2033.974416666672,31.0,2025-06,2025-06
2025-06-08 15:00:00,2025-06-09 21:00:00,LONG,RANGE,105984.545,109689.17,True,True,False,True,TRAILING_SL,1.8898976025230891,2002.9993750000046,30.0,2025-06,2025-06
2025-06-09 08:00:00,2025-06-09 21:00:00,LONG,RANGE,105926.415,109689.17,True,True,False,True,TRAILING_SL,1.9019155892323985,2014.6310000000055,13.0,2025-06,2025-06
2025-06-09 09:00:00,2025-06-09 21:00:00,LONG,RANGE,106612.545,109689.17,True,True,False,True,TRAILING_SL,1.7609606824412687,1877.4050000000047,12.0,2025-06,2025-06
2025-06-12 08:00:00,2025-06-13 00:00:00,SHORT,RANGE,107731.645,104054.87,True,False,False,True,TRAILING_SL,2.2920609817106268,2469.2750000000074,16.0,2025-06,2025-06
2025-06-12 09:00:00,2025-06-13 00:00:00,SHORT,RANGE,107507.32500000001,104054.87,True,False,False,True,TRAILING_SL,2.1925157192777434,2357.1150000000116,15.0,2025-06,2025-06
2025-06-12 10:00:00,2025-06-13 00:00:00,SHORT,RANGE,107323.13500000001,104054.87,True,False,False,True,TRAILING_SL,2.110467607939341,2265.02000000001,14.0,2025-06,2025-06
2025-06-12 13:00:00,2025-06-13 00:00:00,SHORT,RANGE,107070.77500000001,104054.87,True,False,False,True,TRAILING_SL,1.9975945817147673,2138.84000000001,11.0,2025-06,2025-06
2025-06-12 14:00:00,2025-06-13 00:00:00,SHORT,RANGE,107612.66500000001,104054.87,True,False,False,True,TRAILING_SL,2.239313560350921,2409.7850000000094,10.0,2025-06,2025-06
2025-06-16 08:00:00,2025-06-16 22:00:00,LONG,RANGE,107180.025,108111.38,True,False,False,True,TRAILING_SL,1.023105751281555,1096.5650000000082,14.0,2025-06,2025-06
2025-06-16 09:00:00,2025-06-16 22:00:00,LONG,RANGE,106945.885,108111.38,True,False,False,True,TRAILING_SL,1.1348122463992028,1213.635000000008,13.0,2025-06,2025-06
2025-06-16 10:00:00,2025-06-16 22:00:00,LONG,RANGE,106834.345,108111.38,True,False,False,True,TRAILING_SL,1.1881993566769233,1269.4050000000047,12.0,2025-06,2025-06
2025-06-16 13:00:00,2025-06-16 22:00:00,LONG,RANGE,107160.08499999999,108111.38,True,False,False,True,TRAILING_SL,1.032599964809667,1106.5350000000092,9.0,2025-06,2025-06
2025-06-16 14:00:00,2025-06-16 22:00:00,LONG,RANGE,107533.525,108111.38,True,False,False,True,TRAILING_SL,0.8553751027877197,919.8150000000082,8.0,2025-06,2025-06
2025-06-17 14:00:00,2025-06-17 17:00:00,SHORT,RANGE,104847.30500000001,104212.02,True,False,False,True,TRAILING_SL,0.9046775212772562,948.5300000000047,3.0,2025-06,2025-06
2025-06-22 09:00:00,2025-06-22 14:00:00,SHORT,TREND,102199.96500000001,100328.36,True,False,False,True,TRAILING_SL,1.7389340593218483,1777.1900000000085,5.0,2025-06,2025-06
2025-06-22 13:00:00,2025-06-22 15:00:00,SHORT,RANGE,100865.63500000001,99730.35,True,False,False,True,TRAILING_SL,1.1882441428143538,1198.5300000000047,2.0,2025-06,2025-06
2025-06-23 14:00:00,2025-06-23 17:00:00,SHORT,RANGE,101624.365,100454.33,True,False,False,True,TRAILING_SL,1.1964699607225144,1215.9050000000047,3.0,2025-06,2025-06
2025-06-28 15:00:00,2025-06-30 06:00:00,LONG,RANGE,107449.305,107948.99,True,False,False,True,TRAILING_SL,0.8196563021045219,880.715000000009,39.0,2025-06,2025-06
2025-07-11 08:00:00,2025-07-14 03:00:00,LONG,TREND,117964.78499999999,120230.48,True,False,False,True,TRAILING_SL,1.6735564699809977,1974.2072916666734,67.0,2025-07,2025-07
2025-07-13 13:00:00,2025-07-14 03:00:00,LONG,RANGE,118610.03499999999,120651.48,True,False,False,True,TRAILING_SL,1.3924707129544365,1651.6100000000065,14.0,2025-07,2025-07
2025-07-11 09:00:00,2025-07-14 05:00:00,LONG,TREND,118470.36499999999,121404.0,True,False,False,True,TRAILING_SL,1.9483160057229008,2308.177083333341,68.0,2025-07,2025-07
2025-07-13 14:00:00,2025-07-14 05:00:00,LONG,TREND,118766.965,121404.0,True,False,False,True,TRAILING_SL,1.8186075564025779,2159.905000000005,15.0,2025-07,2025-07
2025-07-13 15:00:00,2025-07-14 05:00:00,LONG,TREND,118672.265,121404.0,True,False,False,True,TRAILING_SL,1.8599586011103801,2207.255000000003,14.0,2025-07,2025-07
2025-07-26 10:00:00,2025-07-28 07:00:00,LONG,RANGE,117971.95499999999,118959.0,True,False,False,True,TRAILING_SL,0.9531031125151816,1124.3943750000094,45.0,2025-07,2025-07
2025-07-27 14:00:00,2025-07-28 07:00:00,LONG,RANGE,118422.185,118959.0,True,False,False,True,TRAILING_SL,0.7593974051399273,899.2950000000042,17.0,2025-07,2025-07
2025-07-29 14:00:00,2025-07-30 19:00:00,SHORT,RANGE,117823.645,116637.23,True,False,False,True,TRAILING_SL,1.0389112686167594,1224.083125000007,29.0,2025-07,2025-07
2025-07-29 15:00:00,2025-07-30 20:00:00,SHORT,RANGE,117399.985,116637.23,True,False,False,True,TRAILING_SL,0.8622259406591961,1012.2531250000052,29.0,2025-07,2025-07
2025-08-01 09:00:00,2025-08-01 22:00:00,SHORT,TREND,114938.645,113984.58,True,False,False,True,TRAILING_SL,1.147064157577292,1318.4200000000042,13.0,2025-08,2025-08
2025-08-01 14:00:00,2025-08-01 22:00:00,SHORT,TREND,115619.77500000001,113984.58,True,False,False,True,TRAILING_SL,1.4348626781188654,1658.9850000000065,8.0,2025-08,2025-08
2025-08-01 08:00:00,2025-08-02 04:00:00,SHORT,TREND,114615.96500000001,113984.58,True,False,False,True,TRAILING_SL,1.0095277739013127,1157.0800000000077,20.0,2025-08,2025-08
2025-08-01 10:00:00,2025-08-02 04:00:00,SHORT,TREND,114762.55500000001,113984.58,True,False,False,True,TRAILING_SL,1.0721049213308345,1230.3750000000057,18.0,2025-08,2025-08
2025-08-02 08:00:00,2025-08-02 19:00:00,SHORT,RANGE,113681.985,112844.0,True,False,False,True,TRAILING_SL,0.9235236348133815,1049.880000000003,11.0,2025-08,2025-08
2025-08-02 09:00:00,2025-08-02 19:00:00,SHORT,RANGE,113690.675,112844.0,True,False,False,True,TRAILING_SL,0.9272748182733583,1054.2250000000045,10.0,2025-08,2025-08
2025-08-02 10:00:00,2025-08-02 19:00:00,SHORT,RANGE,113550.865,112844.0,True,False,False,True,TRAILING_SL,0.8668538104047077,984.3200000000056,9.0,2025-08,2025-08
2025-08-02 13:00:00,2025-08-02 19:00:00,SHORT,RANGE,113457.82500000001,112844.0,True,False,False,True,TRAILING_SL,0.8265626456350708,937.8000000000087,6.0,2025-08,2025-08
2025-08-01 13:00:00,2025-08-03 01:00:00,SHORT,TREND,114352.02500000001,113182.0,True,False,False,True,TRAILING_SL,1.2473645890107095,1426.3866666666738,36.0,2025-08,2025-08
2025-08-06 14:00:00,2025-08-07 16:00:00,LONG,RANGE,115187.985,115987.93,True,False,False,True,TRAILING_SL,0.894932386683674,1030.8545833333324,26.0,2025-08,2025-08
2025-08-06 15:00:00,2025-08-07 16:00:00,LONG,RANGE,115413.89499999999,115987.93,True,False,False,True,TRAILING_SL,0.7953113372238858,917.8997916666713,25.0,2025-08,2025-08
2025-08-07 10:00:00,2025-08-08 01:00:00,LONG,RANGE,116347.245,116789.0,True,False,False,True,TRAILING_SL,0.7320886712874081,851.7650000000052,15.0,2025-08,2025-08
2025-08-07 14:00:00,2025-08-08 01:00:00,LONG,RANGE,116363.185,116789.0,True,False,False,True,TRAILING_SL,0.7251391408717492,843.7950000000042,11.0,2025-08,2025-08
2025-08-07 13:00:00,2025-08-09 11:00:00,LONG,RANGE,116640.025,117103.05,True,False,False,True,TRAILING_SL,0.7393525864442108,862.381041666674,46.0,2025-08,2025-08
2025-08-09 09:00:00,2025-08-10 20:00:00,LONG,RANGE,117510.89499999999,118103.24,True,False,False,True,TRAILING_SL,0.7889023822004002,927.0462500000108,35.0,2025-08,2025-08
2025-08-10 08:00:00,2025-08-11 02:00:00,LONG,TREND,118308.875,120632.64,True,False,False,True,TRAILING_SL,1.6932542043020886,2003.2700000000027,18.0,2025-08,2025-08
2025-08-10 09:00:00,2025-08-11 02:00:00,LONG,TREND,118293.105,120632.64,True,False,False,True,TRAILING_SL,1.7001455832949899,2011.1550000000047,17.0,2025-08,2025-08
2025-08-10 10:00:00,2025-08-11 02:00:00,LONG,TREND,118020.025,120632.64,True,False,False,True,TRAILING_SL,1.819771687050571,2147.695000000005,16.0,2025-08,2025-08
2025-08-10 13:00:00,2025-08-11 10:00:00,LONG,TREND,118452.025,121073.16,True,True,False,True,TRAILING_SL,2.0053747498196053,2375.4070000000065,21.0,2025-08,2025-08
2025-08-12 15:00:00,2025-08-13 14:00:00,LONG,RANGE,119933.025,121359.0,True,True,False,True,TRAILING_SL,1.2901158792584495,1547.275000000006,23.0,2025-08,2025-08
2025-08-13 08:00:00,2025-08-13 14:00:00,LONG,RANGE,120044.515,121359.0,True,False,False,True,TRAILING_SL,1.0730436121966949,1288.130000000003,6.0,2025-08,2025-08
2025-08-13 10:00:00,2025-08-13 14:00:00,LONG,RANGE,120496.025,121359.0,True,False,False,True,TRAILING_SL,0.8816680882211724,1062.375000000006,4.0,2025-08,2025-08
2025-08-13 13:00:00,2025-08-14 00:00:00,LONG,RANGE,121767.995,123633.0,True,False,False,True,TRAILING_SL,1.283908797217204,1563.3900000000053,11.0,2025-08,2025-08
2025-08-18 08:00:00,2025-08-20 07:00:00,SHORT,TREND,115135.405,113828.01,True,False,False,True,TRAILING_SL,1.298530666276522,1495.068541666672,47.0,2025-08,2025-08
2025-08-18 09:00:00,2025-08-20 07:00:00,SHORT,TREND,115038.43500000001,113828.01,True,False,False,True,TRAILING_SL,1.2574788229110947,1446.583958333345,46.0,2025-08,2025-08
2025-08-18 10:00:00,2025-08-20 07:00:00,SHORT,TREND,115058.55500000001,113828.01,True,False,False,True,TRAILING_SL,1.2660026670767848,1456.6443750000094,45.0,2025-08,2025-08
2025-08-18 13:00:00,2025-08-20 07:00:00,SHORT,TREND,114839.10500000001,113828.01,True,False,False,True,TRAILING_SL,1.172876100581485,1346.9204166666773,42.0,2025-08,2025-08
2025-08-18 14:00:00,2025-08-20 07:00:00,SHORT,TREND,115633.705,113828.01,True,False,False,True,TRAILING_SL,1.5084019332137402,1744.2210416666733,41.0,2025-08,2025-08
2025-08-20 08:00:00,2025-08-20 14:00:00,SHORT,RANGE,114009.975,113221.0,True,False,False,True,TRAILING_SL,0.8993730592432863,1025.375000000006,6.0,2025-08,2025-08
2025-08-20 09:00:00,2025-08-20 15:00:00,SHORT,RANGE,113699.955,113221.0,True,False,False,True,TRAILING_SL,0.7654928271519578,870.3650000000038,6.0,2025-08,2025-08
2025-08-20 10:00:00,2025-08-20 15:00:00,SHORT,RANGE,113792.175,113221.0,True,False,False,True,TRAILING_SL,0.8053936924924797,916.4750000000045,5.0,2025-08,2025-08
2025-08-20 14:00:00,2025-08-21 20:00:00,SHORT,RANGE,113465.815,112856.67,True,False,False,True,TRAILING_SL,0.82443168014966,935.4481250000049,30.0,2025-08,2025-08
2025-08-22 14:00:00,2025-08-22 16:00:00,LONG,RANGE,115808.25499999999,116455.12,True,False,False,True,TRAILING_SL,0.8240517914720378,954.3200000000057,2.0,2025-08,2025-08
2025-08-25 14:00:00,2025-08-25 20:00:00,SHORT,RANGE,112259.975,110231.01,True,False,False,True,TRAILING_SL,1.4656782170136848,1645.3700000000085,6.0,2025-08,2025-08
2025-08-25 08:00:00,2025-08-25 21:00:00,SHORT,RANGE,111414.27500000001,110115.1,True,False,False,True,TRAILING_SL,1.1492916863660465,1280.4750000000047,13.0,2025-08,2025-08
2025-08-25 10:00:00,2025-08-25 21:00:00,SHORT,RANGE,110984.005,110115.1,True,False,False,True,TRAILING_SL,0.9599040870799376,1065.3400000000022,11.0,2025-08,2025-08
2025-08-25 13:00:00,2025-08-25 21:00:00,SHORT,RANGE,111491.66500000001,110115.1,True,False,False,True,TRAILING_SL,1.1832005558442455,1319.1700000000042,8.0,2025-08,2025-08
2025-08-25 09:00:00,2025-08-25 22:00:00,SHORT,TREND,111799.985,110536.1,True,False,False,True,TRAILING_SL,1.3178266526601057,1473.3300000000004,13.0,2025-08,2025-08
2025-08-29 08:00:00,2025-08-29 21:00:00,SHORT,RANGE,109627.99500000001,108304.9,True,True,False,True,TRAILING_SL,1.3926178254012653,1526.699000000008,13.0,2025-08,2025-08
2025-08-29 13:00:00,2025-08-29 21:00:00,SHORT,RANGE,109106.115,108304.9,True,False,False,True,TRAILING_SL,0.9454053056512997,1031.4950000000085,8.0,2025-08,2025-08
2025-09-01 09:00:00,2025-09-02 18:00:00,LONG,RANGE,109524.14499999999,110278.58,True,False,False,True,TRAILING_SL,0.9204287024260047,1008.0916666666758,33.0,2025-09,2025-09
2025-09-02 08:00:00,2025-09-03 01:00:00,LONG,RANGE,110360.025,110941.21,True,False,False,True,TRAILING_SL,0.8349762515911076,921.4800000000092,17.0,2025-09,2025-09
2025-09-02 09:00:00,2025-09-03 01:00:00,LONG,RANGE,110450.58499999999,110941.21,True,False,False,True,TRAILING_SL,0.79329593410484,876.2000000000102,16.0,2025-09,2025-09
2025-09-02 10:00:00,2025-09-03 01:00:00,LONG,RANGE,110246.025,110941.21,True,False,False,True,TRAILING_SL,0.8875422039025979,978.4800000000089,15.0,2025-09,2025-09
2025-09-03 08:00:00,2025-09-03 23:00:00,LONG,RANGE,111020.015,111734.27,True,False,False,True,TRAILING_SL,0.8899431332269279,988.0150000000053,15.0,2025-09,2025-09
2025-09-03 09:00:00,2025-09-03 23:00:00,LONG,RANGE,111312.305,111734.27,True,False,False,True,TRAILING_SL,0.7563135090949815,841.8700000000085,14.0,2025-09,2025-09
2025-09-01 08:00:00,2025-09-04 03:00:00,LONG,TREND,109590.025,111313.27,True,False,False,True,TRAILING_SL,1.5539630925959498,1702.9885416666743,67.0,2025-09,2025-09
2025-09-03 10:00:00,2025-09-05 09:00:00,LONG,RANGE,111450.015,112158.0,True,False,False,True,TRAILING_SL,0.8836794085073354,984.8608333333365,47.0,2025-09,2025-09
2025-09-03 13:00:00,2025-09-05 09:00:00,LONG,RANGE,111475.095,112158.0,True,False,False,True,TRAILING_SL,0.8722325675823248,972.3220833333357,44.0,2025-09,2025-09
2025-09-10 13:00:00,2025-09-12 00:00:00,LONG,RANGE,113952.025,115490.81,True,False,False,True,TRAILING_SL,1.2288204911964822,1400.2658333333382,35.0,2025-09,2025-09
2025-09-10 14:00:00,2025-09-12 00:00:00,LONG,RANGE,113900.015,115490.81,True,False,False,True,TRAILING_SL,1.2522133996207132,1426.2712500000023,34.0,2025-09,2025-09
2025-09-11 08:00:00,2025-09-12 00:00:00,LONG,RANGE,114049.415,115490.81,True,False,False,True,TRAILING_SL,1.1850871834809544,1351.5850000000053,16.0,2025-09,2025-09
2025-09-11 09:00:00,2025-09-12 00:00:00,LONG,RANGE,113895.31499999999,115490.81,True,False,False,True,TRAILING_SL,1.2543404441174846,1428.635000000008,15.0,2025-09,2025-09
2025-09-10 15:00:00,2025-09-12 03:00:00,LONG,TREND,113854.015,115069.81,True,False,False,True,TRAILING_SL,1.272920085426941,1449.270625000002,36.0,2025-09,2025-09
2025-09-12 08:00:00,2025-09-12 21:00:00,LONG,RANGE,115048.025,115824.63,True,False,False,True,TRAILING_SL,0.8858822217939057,1019.1900000000081,13.0,2025-09,2025-09
2025-09-12 09:00:00,2025-09-12 21:00:00,LONG,RANGE,115048.03499999999,115824.63,True,False,False,True,TRAILING_SL,0.8858777987820573,1019.1850000000109,12.0,2025-09,2025-09
2025-09-12 10:00:00,2025-09-12 21:00:00,LONG,RANGE,114980.875,115824.63,True,False,False,True,TRAILING_SL,0.9156000943635236,1052.765000000005,11.0,2025-09,2025-09
2025-09-12 13:00:00,2025-09-12 21:00:00,LONG,RANGE,115166.47499999999,115824.63,True,False,False,True,TRAILING_SL,0.833545526161159,959.9650000000096,8.0,2025-09,2025-09
2025-09-12 14:00:00,2025-09-12 21:00:00,LONG,RANGE,115260.025,115824.63,True,False,False,True,TRAILING_SL,0.7922868314491588,913.1900000000084,7.0,2025-09,2025-09
2025-09-22 10:00:00,2025-09-24 05:00:00,SHORT,TREND,112792.13500000001,112304.66,True,False,False,True,TRAILING_SL,0.9620416278729651,1085.1072916666724,43.0,2025-09,2025-09
2025-09-22 13:00:00,2025-09-24 05:00:00,SHORT,TREND,113130.60500000001,112304.66,True,False,False,True,TRAILING_SL,1.108757034992143,1254.3435416666732,40.0,2025-09,2025-09
2025-09-22 14:00:00,2025-09-24 05:00:00,SHORT,TREND,112933.13500000001,112304.66,True,False,False,True,TRAILING_SL,1.0232682890927798,1155.6089583333394,39.0,2025-09,2025-09
2025-09-25 13:00:00,2025-09-25 19:00:00,SHORT,TREND,110999.975,109893.51,True,False,False,True,TRAILING_SL,1.2564146973907053,1394.6200000000088,6.0,2025-09,2025-09
2025-09-29 08:00:00,2025-09-29 14:00:00,LONG,RANGE,112099.775,113390.56,True,False,False,True,TRAILING_SL,1.1385214644721675,1276.2800000000045,6.0,2025-09,2025-09
2025-09-29 09:00:00,2025-09-29 14:00:00,LONG,RANGE,112110.92499999999,113390.56,True,False,False,True,TRAILING_SL,1.1334354791917094,1270.7050000000079,5.0,2025-09,2025-09
2025-09-29 10:00:00,2025-09-29 14:00:00,LONG,RANGE,112090.20499999999,113390.56,True,False,False,True,TRAILING_SL,1.1428875520390105,1281.0650000000082,4.0,2025-09,2025-09
2025-09-29 13:00:00,2025-09-30 05:00:00,LONG,RANGE,113227.31499999999,113951.0,True,False,False,True,TRAILING_SL,0.876758404100644,992.730000000009,16.0,2025-09,2025-09
2025-09-29 15:00:00,2025-10-01 17:00:00,LONG,TREND,113815.595,116937.0,True,True,False,True,TRAILING_SL,2.1749586835324908,2475.4421666666713,50.0,2025-10,2025-10
2025-10-01 09:00:00,2025-10-01 17:00:00,LONG,TREND,116412.125,116937.0,True,False,False,True,TRAILING_SL,0.9482044933034278,1103.825000000003,8.0,2025-10,2025-10
2025-10-01 10:00:00,2025-10-01 17:00:00,LONG,TREND,116281.665,116937.0,True,False,False,True,TRAILING_SL,1.0053648612616668,1169.055000000006,7.0,2025-10,2025-10
2025-10-01 13:00:00,2025-10-02 15:00:00,LONG,TREND,116806.985,118648.79,True,False,False,True,TRAILING_SL,1.5087150681385473,1762.2845833333326,26.0,2025-10,2025-10
2025-10-02 15:00:00,2025-10-03 16:00:00,LONG,TREND,119910.805,122632.99,True,False,False,True,TRAILING_SL,1.8367609087993997,2202.474791666676,25.0,2025-10,2025-10
2025-10-03 09:00:00,2025-10-03 16:00:00,LONG,RANGE,120300.025,123053.99,True,False,False,True,TRAILING_SL,1.6690520222252725,2007.870000000008,7.0,2025-10,2025-10
2025-10-03 15:00:00,2025-10-03 17:00:00,LONG,RANGE,122258.075,123053.99,True,False,False,True,TRAILING_SL,0.8415354159633275,1028.8450000000068,2.0,2025-10,2025-10
2025-10-07 13:00:00,2025-10-07 15:00:00,SHORT,RANGE,123891.655,122013.89,True,False,False,True,TRAILING_SL,1.2670506338784504,1569.770000000003,2.0,2025-10,2025-10
2025-10-07 14:00:00,2025-10-07 16:00:00,SHORT,RANGE,122725.335,121641.02,True,False,False,True,TRAILING_SL,0.9558295359307873,1173.0450000000042,2.0,2025-10,2025-10
2025-10-07 15:00:00,2025-10-07 19:00:00,SHORT,RANGE,121845.985,121415.94,True,False,False,True,TRAILING_SL,0.694245280219945,845.9100000000021,4.0,2025-10,2025-10
2025-10-09 13:00:00,2025-10-09 15:00:00,SHORT,RANGE,122415.71500000001,121514.99,True,False,False,True,TRAILING_SL,0.8832607806930717,1081.2500000000057,2.0,2025-10,2025-10
2025-10-09 08:00:00,2025-10-09 17:00:00,SHORT,RANGE,121261.595,120492.47,True,False,False,True,TRAILING_SL,0.837404456043979,1015.4500000000028,9.0,2025-10,2025-10
2025-10-09 14:00:00,2025-10-09 17:00:00,SHORT,RANGE,121314.975,120492.47,True,False,False,True,TRAILING_SL,0.8590365698876047,1042.140000000005,3.0,2025-10,2025-10
2025-10-10 15:00:00,2025-10-10 19:00:00,SHORT,RANGE,119018.955,116793.47,True,False,False,True,TRAILING_SL,1.4650019402371692,1743.6300000000033,4.0,2025-10,2025-10
2025-10-16 15:00:00,2025-10-17 07:00:00,SHORT,RANGE,108549.18500000001,106383.09,True,False,False,True,TRAILING_SL,1.578947829041748,1713.935000000011,16.0,2025-10,2025-10
2025-10-17 08:00:00,2025-10-17 11:00:00,SHORT,RANGE,104884.35500000001,104369.23,True,False,False,True,TRAILING_SL,0.84707581030556,888.4500000000103,3.0,2025-10,2025-10
2025-10-21 14:00:00,2025-10-21 16:00:00,LONG,RANGE,112170.545,113159.0,True,False,False,True,TRAILING_SL,1.0030396125827896,1125.1150000000036,2.0,2025-10,2025-10
2025-10-26 09:00:00,2025-10-26 21:00:00,LONG,RANGE,112528.855,113159.0,True,False,False,True,TRAILING_SL,0.8406377190988081,945.960000000005,12.0,2025-10,2025-10
2025-10-26 13:00:00,2025-10-26 23:00:00,LONG,RANGE,113711.555,114625.8,True,False,False,True,TRAILING_SL,0.9568156903667424,1088.010000000008,10.0,2025-10,2025-10
2025-10-26 14:00:00,2025-10-27 08:00:00,LONG,TREND,113575.385,115138.0,True,False,False,True,TRAILING_SL,1.4287382781048954,1622.6950000000056,18.0,2025-10,2025-10
2025-10-26 15:00:00,2025-10-27 08:00:00,LONG,TREND,113694.995,115138.0,True,False,False,True,TRAILING_SL,1.3746339493660256,1562.890000000005,17.0,2025-10,2025-10
2025-10-29 14:00:00,2025-10-29 17:00:00,SHORT,RANGE,112488.41500000001,111801.0,True,False,False,True,TRAILING_SL,0.8663958861897084,974.595000000007,3.0,2025-10,2025-10
2025-10-29 15:00:00,2025-10-29 19:00:00,SHORT,RANGE,111509.71500000001,110041.0,True,True,False,True,TRAILING_SL,1.395235383751099,1555.8230000000067,4.0,2025-10,2025-10
2025-10-31 15:00:00,2025-11-03 12:00:00,SHORT,TREND,110202.875,107988.63,True,True,False,True,TRAILING_SL,2.081617539469822,2294.0023750000037,69.0,2025-11,2025-11
2025-11-03 15:00:00,2025-11-04 16:00:00,SHORT,TREND,105745.68500000001,103426.0,True,False,False,True,TRAILING_SL,1.8924883711961162,2001.224791666676,25.0,2025-11,2025-11
2025-11-04 08:00:00,2025-11-04 17:00:00,SHORT,TREND,104051.875,102062.0,True,False,False,True,TRAILING_SL,1.7648168281446184,1836.3250000000032,9.0,2025-11,2025-11
2025-11-04 09:00:00,2025-11-04 17:00:00,SHORT,TREND,103857.93500000001,102062.0,True,False,False,True,TRAILING_SL,1.67474444778823,1739.355000000009,8.0,2025-11,2025-11
2025-11-04 13:00:00,2025-11-04 17:00:00,SHORT,TREND,103924.225,102062.0,True,False,False,True,TRAILING_SL,1.7055696109352807,1772.5000000000057,4.0,2025-11,2025-11
2025-11-04 10:00:00,2025-11-04 18:00:00,SHORT,TREND,103816.365,101272.73,True,False,False,True,TRAILING_SL,2.0355220489563544,2113.2050000000077,8.0,2025-11,2025-11
2025-11-06 14:00:00,2025-11-06 17:00:00,SHORT,RANGE,102124.975,101141.95,True,False,False,True,TRAILING_SL,1.0990455566819057,1122.4000000000071,3.0,2025-11,2025-11
2025-11-09 10:00:00,2025-11-09 15:00:00,LONG,RANGE,101876.385,103327.0,True,True,False,True,TRAILING_SL,1.5236141329514252,1552.2030000000059,5.0,2025-11,2025-11
2025-11-09 13:00:00,2025-11-09 22:00:00,LONG,RANGE,102911.415,104220.08,True,True,False,True,TRAILING_SL,1.4807035740398735,1523.8130000000065,9.0,2025-11,2025-11
2025-11-09 15:00:00,2025-11-09 22:00:00,LONG,RANGE,103762.19499999999,104220.08,True,False,False,True,TRAILING_SL,0.8286544053930314,859.8300000000077,7.0,2025-11,2025-11
2025-11-12 14:00:00,2025-11-12 16:00:00,SHORT,RANGE,103990.375,102141.0,True,False,False,True,TRAILING_SL,1.4958836334612726,1555.5750000000028,2.0,2025-11,2025-11
2025-11-12 15:00:00,2025-11-12 20:00:00,SHORT,RANGE,102173.485,101654.59,True,False,False,True,TRAILING_SL,0.8713953527179825,890.335000000005,5.0,2025-11,2025-11
2025-11-11 15:00:00,2025-11-13 01:00:00,SHORT,TREND,103455.96500000001,102075.59,True,False,False,True,TRAILING_SL,1.4804005823476136,1531.5627083333436,34.0,2025-11,2025-11
2025-11-13 09:00:00,2025-11-13 16:00:00,SHORT,RANGE,102826.975,101391.0,True,False,False,True,TRAILING_SL,1.3117909964773404,1348.8750000000057,7.0,2025-11,2025-11
2025-11-13 13:00:00,2025-11-13 17:00:00,SHORT,RANGE,102326.455,100449.98,True,False,False,True,TRAILING_SL,1.5334499763526508,1569.125000000006,4.0,2025-11,2025-11
2025-11-13 15:00:00,2025-11-13 18:00:00,SHORT,RANGE,101382.615,98988.4,True,False,False,True,TRAILING_SL,1.8030655453107107,1827.9950000000085,3.0,2025-11,2025-11
2025-11-14 08:00:00,2025-11-14 14:00:00,SHORT,TREND,97377.38500000001,95822.48,True,False,False,True,TRAILING_SL,1.6624393846682262,1618.8400000000095,6.0,2025-11,2025-11
2025-11-14 09:00:00,2025-11-14 14:00:00,SHORT,TREND,96839.905,95822.48,True,False,False,True,TRAILING_SL,1.3941566753912082,1350.1000000000045,5.0,2025-11,2025-11
2025-11-14 10:00:00,2025-11-14 14:00:00,SHORT,TREND,96752.175,95822.48,True,False,False,True,TRAILING_SL,1.3500833443796032,1306.2350000000063,4.0,2025-11,2025-11
2025-11-14 14:00:00,2025-11-14 20:00:00,SHORT,TREND,96542.35500000001,95463.77,True,False,False,True,TRAILING_SL,1.4301287761211192,1380.6800000000062,6.0,2025-11,2025-11
2025-11-14 15:00:00,2025-11-14 20:00:00,SHORT,TREND,96796.115,95463.77,True,False,False,True,TRAILING_SL,1.5574592017458588,1507.5600000000036,5.0,2025-11,2025-11
2025-11-14 13:00:00,2025-11-16 22:00:00,SHORT,TREND,95243.925,94267.55,True,False,False,True,TRAILING_SL,1.3959435820534867,1329.5514583333363,57.0,2025-11,2025-11
2025-11-17 13:00:00,2025-11-18 04:00:00,SHORT,TREND,93959.765,90515.78,True,True,False,True,TRAILING_SL,2.7032602731605437,2539.977000000005,15.0,2025-11,2025-11
2025-11-19 15:00:00,2025-11-19 20:00:00,SHORT,RANGE,89951.675,89449.0,True,False,False,True,TRAILING_SL,0.9807766225587287,882.2250000000043,5.0,2025-11,2025-11
2025-11-20 15:00:00,2025-11-20 17:00:00,SHORT,RANGE,89869.85500000001,87236.47,True,True,False,True,TRAILING_SL,1.9903859864912505,1788.7570000000067,2.0,2025-11,2025-11
2025-11-21 08:00:00,2025-11-21 11:00:00,SHORT,TREND,83643.425,82910.0,True,False,False,True,TRAILING_SL,1.4443454461602983,1208.1000000000045,3.0,2025-11,2025-11
2025-11-21 10:00:00,2025-11-21 13:00:00,SHORT,TREND,82703.585,81862.0,True,False,False,True,TRAILING_SL,1.5261490780599245,1262.1800000000062,3.0,2025-11,2025-11
2025-11-22 14:00:00,2025-11-23 07:00:00,LONG,TREND,84494.42499999999,85598.0,True,False,False,True,TRAILING_SL,1.6488365948404395,1393.1750000000088,17.0,2025-11,2025-11
2025-11-26 13:00:00,2025-11-26 20:00:00,LONG,RANGE,87128.53499999999,89577.39,True,True,False,True,TRAILING_SL,2.010651275153435,1751.8510000000065,7.0,2025-11,2025-11
2025-11-28 08:00:00,2025-11-28 15:00:00,LONG,RANGE,91690.025,92251.0,True,False,False,True,TRAILING_SL,0.9939739900823518,911.3750000000058,7.0,2025-11,2025-11
2025-12-01 08:00:00,2025-12-01 13:00:00,SHORT,TREND,86869.485,86018.0,True,False,False,True,TRAILING_SL,1.4586595051185156,1267.130000000003,5.0,2025-12,2025-12
2025-12-01 09:00:00,2025-12-01 13:00:00,SHORT,TREND,86704.835,86018.0,True,False,False,True,TRAILING_SL,1.3664808888685458,1184.805000000006,4.0,2025-12,2025-12
2025-12-01 10:00:00,2025-12-01 13:00:00,SHORT,TREND,86647.705,86018.0,True,False,False,True,TRAILING_SL,1.3344150315348846,1156.2400000000039,3.0,2025-12,2025-12
2025-12-01 13:00:00,2025-12-01 16:00:00,SHORT,TREND,85986.82500000001,85084.76,True,False,False,True,TRAILING_SL,1.503044216366881,1292.4200000000114,3.0,2025-12,2025-12
2025-12-01 14:00:00,2025-12-01 16:00:00,SHORT,TREND,86067.875,85084.76,True,False,False,True,TRAILING_SL,1.5487137332018546,1332.9450000000056,2.0,2025-12,2025-12
2025-12-02 13:00:00,2025-12-02 15:00:00,LONG,RANGE,87731.435,90359.0,True,False,False,True,TRAILING_SL,2.216617111073134,1944.6700000000042,2.0,2025-12,2025-12
2025-12-02 14:00:00,2025-12-02 20:00:00,LONG,TREND,89272.015,91045.65,True,False,False,True,TRAILING_SL,1.9358866269569477,1728.2050000000004,6.0,2025-12,2025-12
2025-12-02 15:00:00,2025-12-02 20:00:00,LONG,RANGE,90850.03499999999,91466.65,True,False,False,True,TRAILING_SL,1.0337860629332787,939.1950000000055,5.0,2025-12,2025-12
2025-12-04 13:00:00,2025-12-04 20:00:00,SHORT,RANGE,92516.35500000001,91730.0,True,False,False,True,TRAILING_SL,1.1069015851305513,1024.065000000008,7.0,2025-12,2025-12
2025-12-04 14:00:00,2025-12-05 14:00:00,SHORT,RANGE,91893.985,90715.7,True,False,False,True,TRAILING_SL,1.3276494647609467,1220.0300000000047,24.0,2025-12,2025-12
2025-12-05 09:00:00,2025-12-05 17:00:00,SHORT,RANGE,91128.535,88897.0,True,True,False,True,TRAILING_SL,1.8747003888518623,1708.3870000000054,8.0,2025-12,2025-12
2025-12-05 13:00:00,2025-12-05 17:00:00,SHORT,RANGE,90465.115,88897.0,True,True,False,True,TRAILING_SL,1.74177969043648,1575.7030000000059,4.0,2025-12,2025-12
2025-12-08 08:00:00,2025-12-09 17:00:00,LONG,RANGE,91833.92499999999,93747.99,True,True,False,True,TRAILING_SL,1.79114590096562,1644.8795833333415,33.0,2025-12,2025-12
2025-12-08 09:00:00,2025-12-09 17:00:00,LONG,RANGE,91912.045,93747.99,True,True,False,True,TRAILING_SL,1.772625122202434,1629.2560000000062,32.0,2025-12,2025-12
2025-12-14 14:00:00,2025-12-15 00:00:00,SHORT,RANGE,89118.015,88418.36,True,False,False,True,TRAILING_SL,1.1004677337124287,980.7150000000022,10.0,2025-12,2025-12
2025-12-14 15:00:00,2025-12-15 00:00:00,SHORT,RANGE,89022.88500000001,88418.36,True,False,False,True,TRAILING_SL,1.0482136138364953,933.1500000000074,9.0,2025-12,2025-12
2025-12-15 13:00:00,2025-12-15 15:00:00,SHORT,RANGE,89431.975,87462.91,True,False,False,True,TRAILING_SL,1.8063114450955646,1615.4200000000042,2.0,2025-12,2025-12
2025-12-15 14:00:00,2025-12-15 16:00:00,SHORT,RANGE,88049.985,86903.67,True,False,False,True,TRAILING_SL,1.3674562238710253,1204.0450000000042,2.0,2025-12,2025-12
2025-12-15 15:00:00,2025-12-15 18:00:00,SHORT,RANGE,87033.195,85987.64,True,False,False,True,TRAILING_SL,1.325545959791556,1153.6650000000066,3.0,2025-12,2025-12
2025-12-16 14:00:00,2025-12-17 15:00:00,LONG,TREND,87298.015,89103.85,True,False,False,True,TRAILING_SL,1.998097885349023,1744.299791666673,25.0,2025-12,2025-12
2026-01-02 08:00:00,2026-01-02 18:00:00,LONG,RANGE,89178.155,90120.81,True,False,False,True,TRAILING_SL,1.2359697282366993,1102.2150000000024,10.0,2026-01,2026-01
2026-01-02 09:00:00,2026-01-02 18:00:00,LONG,RANGE,89467.345,90120.81,True,False,False,True,TRAILING_SL,1.0703570112648377,957.6200000000013,9.0,2026-01,2026-01
2026-01-02 10:00:00,2026-01-02 18:00:00,LONG,RANGE,89666.31499999999,90120.81,True,False,False,True,TRAILING_SL,0.9570316344549322,858.135000000008,8.0,2026-01,2026-01
2026-01-02 13:00:00,2026-01-02 18:00:00,LONG,RANGE,89348.70499999999,90120.81,True,False,False,True,TRAILING_SL,1.1381698257406287,1016.9400000000084,5.0,2026-01,2026-01
2026-01-02 14:00:00,2026-01-02 18:00:00,LONG,RANGE,89580.025,90120.81,True,False,False,True,TRAILING_SL,1.0061171561405624,901.2800000000047,4.0,2026-01,2026-01
2026-01-04 08:00:00,2026-01-05 04:00:00,LONG,RANGE,91375.015,92547.0,True,False,False,True,TRAILING_SL,1.331742599440343,1216.8800000000033,20.0,2026-01,2026-01
2026-01-04 09:00:00,2026-01-05 04:00:00,LONG,RANGE,91468.305,92547.0,True,False,False,True,TRAILING_SL,1.2793885269875795,1170.2350000000065,19.0,2026-01,2026-01
2026-01-04 13:00:00,2026-01-05 04:00:00,LONG,RANGE,91264.025,92547.0,True,True,False,True,TRAILING_SL,1.6640456083325341,1518.6750000000059,15.0,2026-01,2026-01
2026-01-04 14:00:00,2026-01-05 04:00:00,LONG,RANGE,91336.415,92547.0,True,False,False,True,TRAILING_SL,1.3534360857058012,1236.1800000000062,14.0,2026-01,2026-01
2026-01-04 10:00:00,2026-01-06 07:00:00,LONG,TREND,91600.64499999999,93527.08,True,False,False,True,TRAILING_SL,1.970068687835123,1804.595625000009,45.0,2026-01,2026-01
2026-01-05 08:00:00,2026-01-06 07:00:00,LONG,TREND,92467.555,93527.08,True,False,False,True,TRAILING_SL,1.482844442031594,1371.1500000000071,23.0,2026-01,2026-01
2026-01-05 09:00:00,2026-01-06 07:00:00,LONG,TREND,92688.625,93527.08,True,False,False,True,TRAILING_SL,1.3600536203876192,1260.6150000000039,22.0,2026-01,2026-01
2026-01-05 10:00:00,2026-01-06 07:00:00,LONG,TREND,93080.025,93527.08,True,False,False,True,TRAILING_SL,1.1440854254175445,1064.9150000000068,21.0,2026-01,2026-01
2026-01-05 13:00:00,2026-01-06 07:00:00,LONG,TREND,92742.765,93527.08,True,False,False,True,TRAILING_SL,1.3300714077265263,1233.5450000000042,18.0,2026-01,2026-01
