entry_time,exit_time,direction,entry_price,exit_price,stop_loss,initial_size,remaining_size,total_pnl,pnl,exit_reason,entry_reason,mode,killzone,tp1_hit,tp2_hit,tp3_hit,partial_closes_count
2024-06-05 18:00:00,2024-06-05 23:00:00,SHORT,1541.0,2365.2172499999997,2365.2172499999997,0.1,0.1,-82.52797499999997,-82.52797499999997,SL,FVG+MSS+PO3+none,RANGE,none,False,False,False,0
2024-06-05 19:00:00,2024-06-05 23:00:00,SHORT,1786.0,2366.86545,2366.86545,0.1,0.1,-58.191544999999984,-58.191544999999984,SL,LiqSweep+OB+FVG+MSS+PO3+none,RANGE,none,False,False,False,0
2024-06-05 21:00:00,2024-06-07 08:00:00,LONG,17390.0,2319.8822999999998,2319.8822999999998,0.1,0.1,-1507.15552,-1507.15552,SL,FVG+MSS+PO3+none,RANGE,none,False,False,False,0
2024-06-05 22:00:00,2024-06-07 08:00:00,LONG,10082.0,2319.8822999999998,2319.8822999999998,0.1,0.1,-776.3542700000002,-776.3542700000002,SL,OB+FVG+MSS+none,RANGE,none,False,False,False,0
2024-06-05 23:00:00,2024-06-07 08:00:00,LONG,6754.0,2319.8822999999998,2319.8822999999998,0.1,0.1,-443.5530200000001,-443.5530200000001,SL,OB+FVG+MSS+none,RANGE,none,False,False,False,0
2024-06-06 00:00:00,2024-06-07 08:00:00,LONG,4128.0,2319.8822999999998,2319.8822999999998,0.1,0.1,-180.95177,-180.95177,SL,OB+FVG+MSS+none,RANGE,none,False,False,False,0
2024-06-06 01:00:00,2024-06-07 08:00:00,LONG,6926.0,2320.56885,2320.56885,0.1,0.1,-460.6818650000001,-460.6818650000001,SL,OB+FVG+MSS+asian,RANGE,asian,False,False,False,0
2024-06-10 18:00:00,2024-06-12 09:00:00,SHORT,1343.0,2321.3892,2321.3892,0.1,0.1,-97.98767000000001,-97.98767000000001,SL,FVG+MSS+PO3+none,RANGE,none,False,False,False,0
2024-06-10 19:00:00,2024-06-12 09:00:00,SHORT,1635.0,2321.3892,2321.3892,0.1,0.1,-68.78642,-68.78642,SL,OB+FVG+MSS+PO3+none,RANGE,none,False,False,False,0
2024-06-10 22:00:00,2024-06-13 10:00:00,LONG,12214.0,16617.0,2279.6843,0.1,0.1,440.125,440.125,TIMEOUT,OB+MSS+PO3+none,RANGE,none,False,False,False,0
2024-06-12 21:00:00,2024-06-13 11:00:00,LONG,17041.0,2301.0569,2301.0569,0.1,0.1,-1474.1118099999999,-1474.1118099999999,SL,FVG+MSS+PO3+none,RANGE,none,False,False,False,0
2024-06-12 22:00:00,2024-06-13 11:00:00,LONG,7168.0,2301.04695,2301.04695,0.1,0.1,-486.81155500000006,-486.81155500000006,SL,LiqSweep+OB+FVG+MSS+PO3+none,RANGE,none,False,False,False,0
2024-06-13 18:00:00,2024-06-14 08:00:00,SHORT,972.0,2326.8161999999998,2326.8161999999998,0.1,0.1,-135.59912,-135.59912,SL,FVG+MSS+PO3+none,RANGE,none,False,False,False,0
2024-06-13 19:00:00,2024-06-14 08:00:00,SHORT,1531.0,2326.8161999999998,2326.8161999999998,0.1,0.1,-79.69786999999998,-79.69786999999998,SL,OB+MSS+PO3+none,RANGE,none,False,False,False,0
2024-06-12 19:00:00,2024-06-16 18:00:00,SHORT,2134.0,1967.0,2344.7152499999997,0.1,0.1,16.48125,16.48125,TIMEOUT,FVG+MSS+PO3+none,RANGE,none,False,False,False,0
2024-06-16 18:00:00,2024-06-19 06:00:00,SHORT,1965.0,3904.0,2343.8007,0.1,0.1,-194.075,-194.075,TIMEOUT,FVG+MSS+PO3+none,RANGE,none,False,False,False,0
2024-06-16 19:00:00,2024-06-19 07:00:00,SHORT,2185.0,4323.0,2343.8007,0.1,0.1,-213.975,-213.975,TIMEOUT,OB+FVG+MSS+PO3+none,RANGE,none,False,False,False,0
2024-06-16 21:00:00,2024-06-19 09:00:00,LONG,11068.0,6980.0,2294.34065,0.1,0.1,-408.975,-408.975,TIMEOUT,FVG+MSS+none,RANGE,none,False,False,False,0
2024-06-19 14:00:00,2024-06-20 10:00:00,SHORT,926.0,2343.5393999999997,2343.5393999999997,0.1,0.1,-141.87893999999997,-141.87893999999997,SL,FVG+MSS+PO3+new_york,RANGE,new_york,False,False,False,0
2024-06-19 18:00:00,2024-06-20 10:00:00,SHORT,1096.0,2343.5393999999997,2343.5393999999997,0.1,0.1,-124.87393999999996,-124.87393999999996,SL,OB+FVG+MSS+PO3+none,RANGE,none,False,False,False,0
2024-06-20 20:00:00,2024-06-21 13:00:00,LONG,3802.0,2321.62355,2321.62355,0.1,0.1,-148.15889500000003,-148.15889500000003,SL,FVG+MSS+PO3+none,RANGE,none,False,False,False,0
2024-06-20 21:00:00,2024-06-21 13:00:00,LONG,12559.0,2321.62355,2321.62355,0.1,0.1,-1023.857645,-1023.857645,SL,FVG+MSS+PO3+none,RANGE,none,False,False,False,0
2024-06-19 06:00:00,2024-06-23 18:00:00,LONG,3906.0,1757.0,2311.8924500000003,0.1,0.1,-215.135,-215.135,TIMEOUT,OB+FVG+MSS+none,RANGE,none,False,False,False,0
2024-06-23 18:00:00,2024-06-26 06:00:00,SHORT,1755.0,7425.0,2375.2169999999996,0.1,0.1,-567.1750000000001,-567.1750000000001,TIMEOUT,FVG+MSS+PO3+none,RANGE,none,False,False,False,0
2024-06-23 20:00:00,2024-06-26 08:00:00,LONG,4168.0,10865.0,2307.5443,0.1,0.1,669.525,669.525,TIMEOUT,LiqSweep+FVG+MSS+PO3+none,RANGE,none,False,False,False,0
2024-06-23 21:00:00,2024-06-26 09:00:00,LONG,13640.0,20539.0,2307.5443,0.1,0.1,689.725,689.725,TIMEOUT,LiqSweep+OB+FVG+MSS+PO3+none,RANGE,none,False,False,False,0
2024-06-26 18:00:00,2024-06-28 06:00:00,SHORT,1168.0,2328.15285,2328.15285,0.1,0.1,-116.160285,-116.160285,SL,FVG+MSS+PO3+none,RANGE,none,False,False,False,0
2024-06-26 19:00:00,2024-06-28 06:00:00,SHORT,1689.0,2328.15285,2328.15285,0.1,0.1,-64.059035,-64.059035,SL,OB+FVG+MSS+PO3+none,RANGE,none,False,False,False,0
2024-06-30 18:00:00,2024-07-03 06:00:00,SHORT,1487.0,7290.0,2344.8860999999997,0.1,0.1,-580.4750000000001,-580.4750000000001,TIMEOUT,FVG+MSS+PO3+none,RANGE,none,False,False,False,0
2024-06-30 19:00:00,2024-07-03 07:00:00,SHORT,2031.0,9286.0,2344.8860999999997,0.1,0.1,-725.6750000000001,-725.6750000000001,TIMEOUT,OB+FVG+MSS+PO3+none,RANGE,none,False,False,False,0
2024-07-03 15:00:00,2024-07-05 10:00:00,SHORT,1902.0,2371.6693499999997,2371.6693499999997,0.1,0.1,-47.12068499999997,-47.12068499999997,SL,FVG+MSS+PO3+none,RANGE,none,False,False,False,0
2024-07-03 16:00:00,2024-07-05 10:00:00,SHORT,855.0,2371.6693499999997,2371.6693499999997,0.1,0.1,-151.81943499999997,-151.81943499999997,SL,OB+FVG+MSS+PO3+none,RANGE,none,False,False,False,0
2024-07-03 18:00:00,2024-07-05 10:00:00,SHORT,981.0,2371.6693499999997,2371.6693499999997,0.1,0.1,-139.21693499999998,-139.21693499999998,SL,OB+FVG+MSS+PO3+none,RANGE,none,False,False,False,0
2024-07-07 18:00:00,2024-07-10 06:00:00,SHORT,2339.0,4178.0,2400.0404999999996,0.1,0.1,-184.075,-184.075,TIMEOUT,LiqSweep+FVG+MSS+PO3+none,RANGE,none,False,False,False,0
2024-07-07 19:00:00,2024-07-10 07:00:00,SHORT,1923.0,5092.0,2400.0404999999996,0.1,0.1,-317.07500000000005,-317.07500000000005,TIMEOUT,LiqSweep+OB+FVG+MSS+PO3+none,RANGE,none,False,False,False,0
2024-07-07 21:00:00,2024-07-10 09:00:00,LONG,10587.0,13021.0,2350.51835,0.1,0.1,243.22500000000002,243.22500000000002,TIMEOUT,FVG+MSS+PO3+none,RANGE,none,False,False,False,0
2024-07-07 22:00:00,2024-07-10 10:00:00,LONG,7857.0,13425.0,2350.51835,0.1,0.1,556.625,556.625,TIMEOUT,OB+FVG+MSS+none,RANGE,none,False,False,False,0
2024-07-10 18:00:00,2024-07-11 09:00:00,SHORT,755.0,2389.03575,2389.03575,0.1,0.1,-163.52232500000002,-163.52232500000002,SL,FVG+MSS+PO3+none,RANGE,none,False,False,False,0
2024-07-10 19:00:00,2024-07-11 09:00:00,SHORT,991.0,2389.03575,2389.03575,0.1,0.1,-139.921075,-139.921075,SL,OB+FVG+MSS+PO3+none,RANGE,none,False,False,False,0
2024-07-10 21:00:00,2024-07-14 18:00:00,LONG,7674.0,4330.0,2355.7819,0.1,0.1,-334.61625000000004,-334.61625000000004,TIMEOUT,FVG+MSS+PO3+none,RANGE,none,False,False,False,0
2024-07-11 18:00:00,2024-07-14 18:00:00,SHORT,1857.0,4330.0,2425.9896,0.1,0.1,-247.49,-247.49,TIMEOUT,FVG+MSS+PO3+none,RANGE,none,False,False,False,0
2024-07-11 20:00:00,2024-07-14 18:00:00,LONG,7543.0,4330.0,2366.75675,0.1,0.1,-321.4875,-321.4875,TIMEOUT,FVG+MSS+PO3+none,RANGE,none,False,False,False,0
2024-07-11 21:00:00,2024-07-14 18:00:00,LONG,8654.0,4330.0,2367.9408000000003,0.1,0.1,-432.58625000000006,-432.58625000000006,TIMEOUT,OB+FVG+MSS+PO3+none,RANGE,none,False,False,False,0
2024-07-15 18:00:00,2024-07-16 11:00:00,SHORT,841.0,2443.5268499999997,2443.5268499999997,0.1,0.1,-160.373935,-160.373935,SL,FVG+MSS+PO3+none,RANGE,none,False,False,False,0
2024-07-15 19:00:00,2024-07-16 11:00:00,SHORT,1327.0,2443.5268499999997,2443.5268499999997,0.1,0.1,-111.77268499999997,-111.77268499999997,SL,OB+FVG+MSS+PO3+none,RANGE,none,False,False,False,0
2024-07-14 19:00:00,2024-07-17 07:00:00,LONG,3174.0,9829.0,2385.8309,0.1,0.1,665.3249999999999,665.3249999999999,TIMEOUT,FVG+MSS+PO3+none,RANGE,none,False,False,False,0
2024-07-14 20:00:00,2024-07-17 08:00:00,LONG,5582.0,12139.0,2385.8309,0.1,0.1,655.525,655.525,TIMEOUT,OB+FVG+MSS+PO3+none,RANGE,none,False,False,False,0
2024-07-14 21:00:00,2024-07-17 09:00:00,LONG,10215.0,20230.0,2385.8309,0.1,0.1,1001.3249999999999,1001.3249999999999,TIMEOUT,OB+MSS+PO3+none,RANGE,none,False,False,False,0
2024-07-17 20:00:00,2024-07-18 20:00:00,LONG,4834.0,2440.1977,2440.1977,0.1,0.1,-239.51022999999998,-239.51022999999998,SL,FVG+MSS+PO3+none,RANGE,none,False,False,False,0
2024-07-16 19:00:00,2024-07-19 07:00:00,SHORT,1919.0,8205.0,2479.08375,0.1,0.1,-628.7750000000001,-628.7750000000001,TIMEOUT,FVG+MSS+PO3+none,RANGE,none,False,False,False,0
2024-07-17 18:00:00,2024-07-21 18:00:00,SHORT,2053.0,2549.0,2483.7569999999996,0.1,0.1,-49.82,-49.82,TIMEOUT,FVG+MSS+PO3+none,RANGE,none,False,False,False,0
2024-07-21 19:00:00,2024-07-24 07:00:00,LONG,3072.0,7887.0,2385.9204499999996,0.1,0.1,481.325,481.325,TIMEOUT,FVG+MSS+PO3+none,RANGE,none,False,False,False,0
2024-07-29 18:00:00,2024-07-30 16:00:00,SHORT,762.0,2405.1961499999998,2405.1961499999998,0.1,0.1,-164.447115,-164.447115,SL,FVG+MSS+PO3+none,RANGE,none,False,False,False,0
2024-07-31 20:00:00,2024-08-04 18:00:00,LONG,9275.0,4747.0,2404.2782,0.1,0.1,-453.01750000000004,-453.01750000000004,TIMEOUT,FVG+MSS+PO3+none,RANGE,none,False,False,False,0
2024-08-11 19:00:00,2024-08-14 07:00:00,LONG,2803.0,6410.0,2404.9946,0.1,0.1,360.52500000000003,360.52500000000003,TIMEOUT,FVG+MSS+PO3+none,RANGE,none,False,False,False,0
2024-08-14 18:00:00,2024-08-16 11:00:00,SHORT,1364.0,2483.9981999999995,2483.9981999999995,0.1,0.1,-112.15106999999995,-112.15106999999995,SL,FVG+MSS+PO3+none,RANGE,none,False,False,False,0
2024-08-18 21:00:00,2024-08-21 09:00:00,LONG,16550.0,14281.0,2440.36685,0.1,0.1,-227.075,-227.075,TIMEOUT,FVG+MSS+PO3+none,RANGE,none,False,False,False,0
2024-08-18 22:00:00,2024-08-21 10:00:00,LONG,9489.0,21604.0,2442.6354499999998,0.1,0.1,1211.325,1211.325,TIMEOUT,OB+FVG+MSS+PO3+none,RANGE,none,False,False,False,0
2024-08-18 23:00:00,2024-08-21 11:00:00,LONG,9939.0,11923.0,2442.6354499999998,0.1,0.1,198.22500000000002,198.22500000000002,TIMEOUT,OB+FVG+MSS+none,RANGE,none,False,False,False,0
2024-08-19 00:00:00,2024-08-21 12:00:00,LONG,6907.0,7780.0,2449.5706,0.1,0.1,87.12500000000001,87.12500000000001,TIMEOUT,OB+FVG+MSS+none,RANGE,none,False,False,False,0
2024-08-21 21:00:00,2024-08-22 09:00:00,LONG,11934.0,2488.9029499999997,2488.9029499999997,0.1,0.1,-944.6247050000001,-944.6247050000001,SL,FVG+MSS+PO3+none,RANGE,none,False,False,False,0
2024-08-20 18:00:00,2024-08-23 06:00:00,SHORT,1275.0,5136.0,2534.72055,0.1,0.1,-386.27500000000003,-386.27500000000003,TIMEOUT,FVG+MSS+PO3+none,RANGE,none,False,False,False,0
2024-08-21 18:00:00,2024-08-25 18:00:00,SHORT,1640.0,2536.0,2528.34885,0.1,0.1,-89.82000000000001,-89.82000000000001,TIMEOUT,FVG+MSS+PO3+none,RANGE,none,False,False,False,0
2024-08-21 19:00:00,2024-08-25 18:00:00,SHORT,1890.0,2536.0,2528.34885,0.1,0.1,-64.81875000000001,-64.81875000000001,TIMEOUT,OB+FVG+MSS+PO3+none,RANGE,none,False,False,False,0
2024-08-22 19:00:00,2024-08-25 18:00:00,SHORT,1651.0,2536.0,2517.6456,0.1,0.1,-88.68875,-88.68875,TIMEOUT,FVG+MSS+PO3+none,RANGE,none,False,False,False,0
2024-08-25 18:00:00,2024-08-26 05:00:00,SHORT,2534.0,2522.0374499999994,2522.0374499999994,0.1,0.05,1.4900025000000323,0.5412525000000323,SL,LiqSweep+FVG+MSS+PO3+none,RANGE,none,True,False,False,1
2024-08-25 19:00:00,2024-08-28 07:00:00,LONG,5844.0,6940.0,2477.4306,0.1,0.1,109.42500000000001,109.42500000000001,TIMEOUT,FVG+MSS+PO3+none,RANGE,none,False,False,False,0
2024-08-25 20:00:00,2024-08-28 08:00:00,LONG,8322.0,11855.0,2479.27135,0.1,0.1,353.125,353.125,TIMEOUT,OB+FVG+MSS+PO3+none,RANGE,none,False,False,False,0
2024-08-25 21:00:00,2024-08-28 09:00:00,LONG,13790.0,15081.0,2479.27135,0.1,0.1,128.925,128.925,TIMEOUT,OB+FVG+MSS+PO3+none,RANGE,none,False,False,False,0
2024-08-26 18:00:00,2024-08-29 06:00:00,SHORT,829.0,5789.0,2535.8964,0.1,0.1,-496.175,-496.175,TIMEOUT,FVG+MSS+PO3+none,RANGE,none,False,False,False,0
2024-08-28 21:00:00,2024-09-01 18:00:00,LONG,8029.0,1654.0,2488.0671500000003,0.1,0.1,-637.7162500000001,-637.7162500000001,TIMEOUT,FVG+MSS+PO3+none,RANGE,none,False,False,False,0
2024-08-28 22:00:00,2024-09-01 18:00:00,LONG,5184.0,1654.0,2488.0671500000003,0.1,0.1,-353.21500000000003,-353.21500000000003,TIMEOUT,OB+FVG+MSS+PO3+none,RANGE,none,False,False,False,0
2024-08-29 18:00:00,2024-09-01 18:00:00,SHORT,1145.0,1654.0,2536.0069499999995,0.1,0.1,-51.09000000000001,-51.09000000000001,TIMEOUT,FVG+MSS+PO3+none,RANGE,none,False,False,False,0
2024-09-01 18:00:00,2024-09-04 06:00:00,SHORT,1652.0,7511.0,2535.1526999999996,0.1,0.1,-586.075,-586.075,TIMEOUT,FVG+MSS+PO3+none,RANGE,none,False,False,False,0
2024-09-01 19:00:00,2024-09-04 07:00:00,SHORT,2387.0,7896.0,2535.1526999999996,0.1,0.1,-551.075,-551.075,TIMEOUT,OB+FVG+MSS+PO3+none,RANGE,none,False,False,False,0
2024-09-04 18:00:00,2024-09-05 05:00:00,SHORT,995.0,2506.872,2506.872,0.1,0.1,-151.30094999999997,-151.30094999999997,SL,FVG+MSS+PO3+none,RANGE,none,False,False,False,0
2024-09-04 19:00:00,2024-09-05 05:00:00,SHORT,1946.0,2506.872,2506.872,0.1,0.1,-56.19969999999999,-56.19969999999999,SL,OB+FVG+MSS+PO3+none,RANGE,none,False,False,False,0
2024-09-05 18:00:00,2024-09-08 18:00:00,SHORT,1083.0,2503.0,2527.3136999999997,0.1,0.1,-142.19,-142.19,TIMEOUT,LiqSweep+FVG+MSS+PO3+none,RANGE,none,False,False,False,0
2024-09-05 19:00:00,2024-09-08 18:00:00,SHORT,2361.0,2503.0,2528.1578999999997,0.1,0.1,-14.38875,-14.38875,TIMEOUT,LiqSweep+OB+MSS+PO3+none,RANGE,none,False,False,False,0
2024-09-09 19:00:00,2024-09-11 00:00:00,SHORT,2140.0,2518.2083999999995,2518.2083999999995,0.1,0.1,-37.95708999999996,-37.95708999999996,SL,LiqSweep+FVG+MSS+PO3+none,RANGE,none,False,False,False,0
2024-09-11 18:00:00,2024-09-12 10:00:00,SHORT,1181.0,2534.5296,2534.5296,0.1,0.1,-135.47296,-135.47296,SL,FVG+MSS+PO3+none,RANGE,none,False,False,False,0
2024-09-11 00:00:00,2024-09-13 12:00:00,LONG,5603.0,11711.0,2489.7288,0.1,0.1,610.625,610.625,TIMEOUT,OB+FVG+MSS+PO3+none,RANGE,none,False,False,False,0
2024-09-12 20:00:00,2024-09-15 18:00:00,LONG,8491.0,3421.0,2500.58425,0.1,0.1,-507.1875,-507.1875,TIMEOUT,FVG+MSS+PO3+none,RANGE,none,False,False,False,0
2024-09-12 21:00:00,2024-09-15 18:00:00,LONG,16250.0,3421.0,2500.58425,0.1,0.1,-1283.08625,-1283.08625,TIMEOUT,OB+FVG+MSS+PO3+none,RANGE,none,False,False,False,0
2024-09-12 22:00:00,2024-09-15 18:00:00,LONG,8698.0,3421.0,2500.58425,0.1,0.1,-527.8850000000001,-527.8850000000001,TIMEOUT,OB+FVG+MSS+PO3+none,RANGE,none,False,False,False,0
2024-09-16 21:00:00,2024-09-17 11:00:00,LONG,6599.0,2566.8214,2566.8214,0.1,0.1,-403.33536000000004,-403.33536000000004,SL,FVG+MSS+PO3+none,RANGE,none,False,False,False,0
2024-09-16 22:00:00,2024-09-17 11:00:00,LONG,6459.0,2566.8214,2566.8214,0.1,0.1,-389.33411000000007,-389.33411000000007,SL,OB+FVG+MSS+PO3+none,RANGE,none,False,False,False,0
2024-09-16 18:00:00,2024-09-19 06:00:00,SHORT,1194.0,11659.0,2598.3069,0.1,0.1,-1046.675,-1046.675,TIMEOUT,FVG+MSS+PO3+none,RANGE,none,False,False,False,0
2024-09-16 19:00:00,2024-09-19 07:00:00,SHORT,2041.0,14449.0,2598.3069,0.1,0.1,-1240.9750000000001,-1240.9750000000001,TIMEOUT,OB+FVG+MSS+PO3+none,RANGE,none,False,False,False,0
2024-09-17 18:00:00,2024-09-20 03:00:00,SHORT,1589.0,2595.5330999999996,2595.5330999999996,0.1,0.1,-100.82455999999998,-100.82455999999998,SL,FVG+MSS+PO3+none,RANGE,none,False,False,False,0
2024-09-19 19:00:00,2024-09-20 03:00:00,SHORT,2435.0,2600.78925,2600.78925,0.1,0.1,-16.688924999999983,-16.688924999999983,SL,FVG+MSS+PO3+none,RANGE,none,False,False,False,0
2024-09-22 21:00:00,2024-09-25 09:00:00,LONG,10242.0,21210.0,2580.6718,0.1,0.1,1096.625,1096.625,TIMEOUT,FVG+MSS+none,RANGE,none,False,False,False,0
2024-09-22 22:00:00,2024-09-25 10:00:00,LONG,8713.0,23195.0,2581.4479,0.1,0.1,1448.025,1448.025,TIMEOUT,OB+FVG+MSS+none,RANGE,none,False,False,False,0
2024-09-22 23:00:00,2024-09-25 11:00:00,LONG,7399.0,18020.0,2592.3332,0.1,0.1,1061.9250000000002,1061.9250000000002,TIMEOUT,OB+FVG+MSS+none,RANGE,none,False,False,False,0
2024-09-23 00:00:00,2024-09-25 12:00:00,LONG,3355.0,13571.0,2593.2088,0.1,0.1,1021.425,1021.425,TIMEOUT,OB+FVG+MSS+PO3+none,RANGE,none,False,False,False,0
2024-09-25 20:00:00,2024-09-29 18:00:00,LONG,5780.0,5357.0,2640.38175,0.1,0.1,-42.517500000000005,-42.517500000000005,TIMEOUT,FVG+MSS+PO3+none,RANGE,none,False,False,False,0
2024-09-25 21:00:00,2024-09-29 18:00:00,LONG,11046.0,5357.0,2640.38175,0.1,0.1,-569.11625,-569.11625,TIMEOUT,OB+FVG+MSS+PO3+none,RANGE,none,False,False,False,0
2024-09-25 22:00:00,2024-09-29 18:00:00,LONG,8299.0,5357.0,2640.38175,0.1,0.1,-294.415,-294.415,TIMEOUT,OB+FVG+MSS+PO3+none,RANGE,none,False,False,False,0
2024-09-30 19:00:00,2024-10-03 07:00:00,SHORT,2332.0,9175.0,2668.86795,0.1,0.1,-684.4750000000001,-684.4750000000001,TIMEOUT,FVG+MSS+none,RANGE,none,False,False,False,0
2024-09-30 21:00:00,2024-10-03 09:00:00,LONG,4790.0,20612.0,2617.7654,0.1,0.1,1582.025,1582.025,TIMEOUT,LiqSweep+FVG+MSS+PO3+none,RANGE,none,False,False,False,0
2024-10-03 18:00:00,2024-10-06 18:00:00,SHORT,2040.0,3109.0,2670.1744499999995,0.1,0.1,-107.09,-107.09,TIMEOUT,FVG+MSS+PO3+none,RANGE,none,False,False,False,0
2024-10-03 19:00:00,2024-10-06 18:00:00,SHORT,1522.0,3109.0,2670.1744499999995,0.1,0.1,-158.88875000000002,-158.88875000000002,TIMEOUT,OB+FVG+MSS+PO3+none,RANGE,none,False,False,False,0
2024-10-07 19:00:00,2024-10-08 10:00:00,LONG,3568.0,2626.8099500000003,2626.8099500000003,0.1,0.1,-94.23775499999996,-94.23775499999996,SL,FVG+MSS+PO3+none,RANGE,none,False,False,False,0
2024-10-15 18:00:00,2024-10-16 05:00:00,SHORT,982.0,2676.5863499999996,2676.5863499999996,0.1,0.1,-169.57238499999994,-169.57238499999994,SL,FVG+MSS+PO3+none,RANGE,none,False,False,False,0
2024-10-16 18:00:00,2024-10-17 18:00:00,SHORT,1368.0,2691.48045,2691.48045,0.1,0.1,-132.478045,-132.478045,SL,FVG+MSS+PO3+none,RANGE,none,False,False,False,0
2024-10-16 19:00:00,2024-10-17 18:00:00,SHORT,1169.0,2691.48045,2691.48045,0.1,0.1,-152.37679500000002,-152.37679500000002,SL,OB+MSS+PO3+none,RANGE,none,False,False,False,0
2024-10-17 18:00:00,2024-10-17 23:00:00,SHORT,999.0,2704.22385,2704.22385,0.1,0.1,-170.62863499999997,-170.62863499999997,SL,LiqSweep+FVG+MSS+PO3+none,RANGE,none,False,False,False,0
2024-10-17 19:00:00,2024-10-17 23:00:00,SHORT,1443.0,2705.2992,2705.2992,0.1,0.1,-126.33491999999998,-126.33491999999998,SL,LiqSweep+OB+FVG+MSS+PO3+none,RANGE,none,False,False,False,0
2024-10-16 21:00:00,2024-10-20 18:00:00,LONG,13438.0,3180.0,2653.2869,0.1,0.1,-1026.01625,-1026.01625,TIMEOUT,FVG+MSS+PO3+none,RANGE,none,False,False,False,0
2024-10-17 21:00:00,2024-10-20 18:00:00,LONG,17074.0,3180.0,2665.605,0.1,0.1,-1389.58625,-1389.58625,TIMEOUT,FVG+MSS+PO3+none,RANGE,none,False,False,False,0
2024-10-17 23:00:00,2024-10-20 18:00:00,LONG,10218.0,3180.0,2665.99305,0.1,0.1,-703.9837500000001,-703.9837500000001,TIMEOUT,OB+FVG+MSS+PO3+none,RANGE,none,False,False,False,0
2024-10-18 00:00:00,2024-10-20 18:00:00,LONG,3758.0,3180.0,2665.99305,0.1,0.1,-57.98250000000001,-57.98250000000001,TIMEOUT,OB+FVG+MSS+PO3+none,RANGE,none,False,False,False,0
2024-10-18 01:00:00,2024-10-20 18:00:00,LONG,9857.0,3180.0,2665.99305,0.1,0.1,-667.88125,-667.88125,TIMEOUT,OB+FVG+MSS+PO3+asian,RANGE,asian,False,False,False,0
2024-10-21 19:00:00,2024-10-23 01:00:00,SHORT,2027.0,2747.2880999999998,2747.2880999999998,0.1,0.1,-72.16630999999997,-72.16630999999997,SL,FVG+MSS+PO3+none,RANGE,none,False,False,False,0
2024-10-23 01:00:00,2024-10-23 10:00:00,LONG,10786.0,2717.7629,2717.7629,0.1,0.1,-806.9349600000002,-806.9349600000002,SL,OB+FVG+MSS+PO3+asian,RANGE,asian,False,False,False,0
2024-10-21 21:00:00,2024-10-24 09:00:00,LONG,14520.0,23210.0,2702.7185,0.1,0.1,868.8249999999999,868.8249999999999,TIMEOUT,FVG+MSS+PO3+none,RANGE,none,False,False,False,0
2024-10-21 22:00:00,2024-10-24 10:00:00,LONG,7547.0,26542.0,2702.7185,0.1,0.1,1899.325,1899.325,TIMEOUT,OB+FVG+MSS+PO3+none,RANGE,none,False,False,False,0
2024-10-21 23:00:00,2024-10-24 11:00:00,LONG,7182.0,14685.0,2702.7185,0.1,0.1,750.125,750.125,TIMEOUT,OB+FVG+MSS+PO3+none,RANGE,none,False,False,False,0
2024-10-23 19:00:00,2024-10-24 16:00:00,SHORT,2772.0,2060.0,2768.34285,0.1,0.020000000000000004,16.183750000000003,14.214750000000002,TRAILING,FVG+MSS+PO3+none,RANGE,none,True,True,False,2
2024-10-23 20:00:00,2024-10-27 18:00:00,LONG,7495.0,7607.0,2700.4399500000004,0.1,0.1,10.982500000000002,10.982500000000002,TIMEOUT,LiqSweep+FVG+MSS+PO3+none,RANGE,none,False,False,False,0
2024-10-24 18:00:00,2024-10-27 18:00:00,SHORT,1199.0,7607.0,2749.8809999999994,0.1,0.1,-640.9900000000001,-640.9900000000001,TIMEOUT,FVG+MSS+PO3+none,RANGE,none,False,False,False,0
2024-10-24 19:00:00,2024-10-27 18:00:00,SHORT,1718.0,7607.0,2749.8809999999994,0.1,0.1,-589.08875,-589.08875,TIMEOUT,OB+MSS+PO3+none,RANGE,none,False,False,False,0
2024-10-24 21:00:00,2024-10-27 18:00:00,LONG,12111.0,7607.0,2712.83765,0.1,0.1,-450.58625000000006,-450.58625000000006,TIMEOUT,FVG+MSS+PO3+none,RANGE,none,False,False,False,0
2024-10-28 18:00:00,2024-10-29 10:00:00,SHORT,2445.0,2755.0065,2755.0065,0.1,0.1,-31.120649999999998,-31.120649999999998,SL,LiqSweep+FVG+MSS+PO3+none,RANGE,none,False,False,False,0
2024-10-28 19:00:00,2024-10-29 10:00:00,SHORT,2582.0,2755.0065,2755.0065,0.1,0.1,-17.4194,-17.4194,SL,LiqSweep+OB+FVG+MSS+PO3+none,RANGE,none,False,False,False,0
2024-10-29 18:00:00,2024-10-30 14:00:00,SHORT,2038.0,2785.6992,2785.6992,0.1,0.1,-74.89492,-74.89492,SL,LiqSweep+FVG+MSS+PO3+none,RANGE,none,False,False,False,0
2024-10-29 19:00:00,2024-10-30 14:00:00,SHORT,2285.0,2786.7243,2786.7243,0.1,0.1,-50.29617999999999,-50.29617999999999,SL,LiqSweep+OB+MSS+PO3+none,RANGE,none,False,False,False,0
2024-10-28 21:00:00,2024-10-31 09:00:00,LONG,13063.0,29354.0,2715.6037499999998,0.1,0.1,1628.9250000000002,1628.9250000000002,TIMEOUT,FVG+MSS+PO3+none,RANGE,none,False,False,False,0
2024-10-30 21:00:00,2024-10-31 09:00:00,LONG,10228.0,2763.64235,2763.64235,0.1,0.1,-746.5507650000001,-746.5507650000001,SL,FVG+MSS+PO3+none,RANGE,none,False,False,False,0
2024-10-28 22:00:00,2024-10-31 10:00:00,LONG,11687.0,30402.0,2715.6037499999998,0.1,0.1,1871.325,1871.325,TIMEOUT,OB+FVG+MSS+PO3+none,RANGE,none,False,False,False,0
2024-10-30 19:00:00,2024-11-03 18:00:00,SHORT,1723.0,5895.0,2801.2365,0.1,0.1,-417.41875000000005,-417.41875000000005,TIMEOUT,FVG+MSS+PO3+none,RANGE,none,False,False,False,0
2024-10-31 19:00:00,2024-11-03 18:00:00,SHORT,1933.0,5895.0,2798.3019,0.1,0.1,-396.3887500000001,-396.3887500000001,TIMEOUT,FVG+MSS+PO3+none,RANGE,none,False,False,False,0
2024-10-31 21:00:00,2024-11-03 18:00:00,LONG,12211.0,5895.0,2721.0463999999997,0.1,0.1,-631.78625,-631.78625,TIMEOUT,FVG+MSS+PO3+none,RANGE,none,False,False,False,0
2024-11-04 20:00:00,2024-11-06 01:00:00,LONG,8396.0,2719.6534,2719.6534,0.1,0.1,-567.7709100000001,-567.7709100000001,SL,FVG+MSS+PO3+none,RANGE,none,False,False,False,0
2024-11-04 18:00:00,2024-11-07 06:00:00,SHORT,1846.0,7374.0,2753.38845,0.1,0.1,-552.9750000000001,-552.9750000000001,TIMEOUT,FVG+MSS+PO3+none,RANGE,none,False,False,False,0
2024-12-11 18:00:00,2024-12-15 18:00:00,SHORT,2468.0,3478.0,2729.58,0.1,0.1,-101.22,-101.22,TIMEOUT,FVG+MSS+PO3+none,RANGE,none,False,False,False,0
2024-12-16 18:00:00,2024-12-19 06:00:00,SHORT,1479.0,8511.0,2672.1141,0.1,0.1,-703.3750000000001,-703.3750000000001,TIMEOUT,FVG+MSS+PO3+none,RANGE,none,False,False,False,0
2024-12-19 18:00:00,2024-12-22 18:00:00,SHORT,2205.0,3725.0,2631.4919999999997,0.1,0.1,-152.19,-152.19,TIMEOUT,FVG+MSS+PO3+none,RANGE,none,False,False,False,0
2024-12-23 18:00:00,2024-12-26 06:00:00,SHORT,2118.0,3267.0,2642.5670999999998,0.1,0.1,-115.075,-115.075,TIMEOUT,FVG+MSS+none,RANGE,none,False,False,False,0
2024-12-26 18:00:00,2024-12-29 18:00:00,SHORT,2362.0,2170.0,2646.8081999999995,0.1,0.1,19.01,19.01,TIMEOUT,FVG+MSS+PO3+none,RANGE,none,False,False,False,0
2024-12-29 18:00:00,2025-01-01 18:00:00,SHORT,2168.0,2531.0,2646.3157499999998,0.1,0.1,-36.49000000000001,-36.49000000000001,TIMEOUT,FVG+MSS+PO3+none,RANGE,none,False,False,False,0
2025-01-01 18:00:00,2025-01-02 06:00:00,SHORT,2529.0,2636.2355999999995,2636.2355999999995,0.1,0.1,-10.838559999999953,-10.838559999999953,SL,FVG+MSS+PO3+none,RANGE,none,False,False,False,0
2025-01-02 18:00:00,2025-01-05 18:00:00,SHORT,2179.0,3253.0,2669.7221999999997,0.1,0.1,-107.59,-107.59,TIMEOUT,LiqSweep+FVG+MSS+PO3+none,RANGE,none,False,False,False,0
2025-01-22 18:00:00,2025-01-24 01:00:00,SHORT,2497.0,2772.1115999999997,2772.1115999999997,0.1,0.1,-27.649909999999977,-27.649909999999977,SL,FVG+MSS+PO3+none,RANGE,none,False,False,False,0
2025-01-27 19:00:00,2025-01-30 07:00:00,LONG,5481.0,8793.0,2720.00165,0.1,0.1,331.02500000000003,331.02500000000003,TIMEOUT,FVG+MSS+PO3+none,RANGE,none,False,False,False,0
2025-01-27 20:00:00,2025-01-30 08:00:00,LONG,6797.0,20290.0,2720.00165,0.1,0.1,1349.1250000000002,1349.1250000000002,TIMEOUT,OB+FVG+MSS+PO3+none,RANGE,none,False,False,False,0
2025-02-13 19:00:00,2025-02-14 12:00:00,LONG,5765.0,2893.9177,2893.9177,0.1,0.1,-287.22948,-287.22948,SL,FVG+MSS+PO3+none,RANGE,none,False,False,False,0
2025-02-13 20:00:00,2025-02-14 12:00:00,LONG,13075.0,2893.9177,2893.9177,0.1,0.1,-1018.22823,-1018.22823,SL,OB+FVG+MSS+PO3+none,RANGE,none,False,False,False,0
2025-02-13 21:00:00,2025-02-14 12:00:00,LONG,11218.0,2893.9177,2893.9177,0.1,0.1,-832.52698,-832.52698,SL,OB+FVG+MSS+PO3+none,RANGE,none,False,False,False,0
2025-02-13 22:00:00,2025-02-14 12:00:00,LONG,7871.0,2893.9177,2893.9177,0.1,0.1,-497.82573,-497.82573,SL,OB+FVG+MSS+PO3+none,RANGE,none,False,False,False,0
2025-02-17 15:00:00,2025-02-18 09:00:00,SHORT,19.0,2914.7009999999996,2914.7009999999996,0.1,0.1,-289.69259999999997,-289.69259999999997,SL,FVG+MSS+PO3+none,RANGE,none,False,False,False,0
2025-02-17 16:00:00,2025-02-18 09:00:00,SHORT,8.0,2914.7009999999996,2914.7009999999996,0.1,0.1,-290.79135,-290.79135,SL,OB+FVG+MSS+PO3+none,RANGE,none,False,False,False,0
2025-02-17 18:00:00,2025-02-18 09:00:00,SHORT,1377.0,2915.4446999999996,2915.4446999999996,0.1,0.1,-153.96321999999998,-153.96321999999998,SL,LiqSweep+OB+MSS+PO3+none,RANGE,none,False,False,False,0
2025-02-17 19:00:00,2025-02-18 09:00:00,SHORT,2281.0,2915.4446999999996,2915.4446999999996,0.1,0.1,-63.56196999999996,-63.56196999999996,SL,LiqSweep+OB+FVG+MSS+PO3+none,RANGE,none,False,False,False,0
2025-02-18 20:00:00,2025-02-21 08:00:00,LONG,10199.0,15410.0,2896.03705,0.1,0.1,520.925,520.925,TIMEOUT,FVG+MSS+PO3+none,RANGE,none,False,False,False,0
2025-02-18 21:00:00,2025-02-21 09:00:00,LONG,11109.0,18602.0,2896.03705,0.1,0.1,749.125,749.125,TIMEOUT,OB+FVG+MSS+PO3+none,RANGE,none,False,False,False,0
2025-02-18 22:00:00,2025-02-21 10:00:00,LONG,8322.0,22306.0,2896.71365,0.1,0.1,1398.2250000000001,1398.2250000000001,TIMEOUT,OB+FVG+MSS+PO3+none,RANGE,none,False,False,False,0
2025-02-20 20:00:00,2025-02-23 18:00:00,LONG,17183.0,6711.0,2919.2305,0.1,0.1,-1047.3875,-1047.3875,TIMEOUT,FVG+MSS+PO3+none,RANGE,none,False,False,False,0
2025-02-26 20:00:00,2025-02-27 03:00:00,LONG,11425.0,2886.8731000000002,2886.8731000000002,0.1,0.1,-853.92144,-853.92144,SL,FVG+MSS+PO3+none,RANGE,none,False,False,False,0
2025-02-26 21:00:00,2025-02-27 03:00:00,LONG,10648.0,2886.8731000000002,2886.8731000000002,0.1,0.1,-776.22019,-776.22019,SL,OB+FVG+MSS+PO3+none,RANGE,none,False,False,False,0
2025-02-26 22:00:00,2025-02-27 03:00:00,LONG,6868.0,2886.8731000000002,2886.8731000000002,0.1,0.1,-398.21894000000003,-398.21894000000003,SL,OB+FVG+MSS+PO3+none,RANGE,none,False,False,False,0
2025-02-26 23:00:00,2025-02-27 03:00:00,LONG,7324.0,2886.8731000000002,2886.8731000000002,0.1,0.1,-443.81768999999997,-443.81768999999997,SL,OB+FVG+MSS+PO3+none,RANGE,none,False,False,False,0
2025-02-27 20:00:00,2025-02-28 03:00:00,LONG,16983.0,2857.8987,2857.8987,0.1,0.1,-1412.61888,-1412.61888,SL,FVG+MSS+PO3+none,RANGE,none,False,False,False,0
2025-02-27 21:00:00,2025-02-28 03:00:00,LONG,14803.0,2857.8987,2857.8987,0.1,0.1,-1194.61763,-1194.61763,SL,OB+FVG+MSS+PO3+none,RANGE,none,False,False,False,0
2025-02-27 22:00:00,2025-02-28 03:00:00,LONG,12212.0,2857.8987,2857.8987,0.1,0.1,-935.5163800000001,-935.5163800000001,SL,OB+FVG+MSS+PO3+none,RANGE,none,False,False,False,0
2025-03-03 20:00:00,2025-03-06 08:00:00,LONG,12503.0,20907.0,2848.9237999999996,0.1,0.1,840.225,840.225,TIMEOUT,FVG+MSS+PO3+none,RANGE,none,False,False,False,0
2025-03-03 21:00:00,2025-03-06 09:00:00,LONG,8228.0,22700.0,2848.9237999999996,0.1,0.1,1447.025,1447.025,TIMEOUT,OB+FVG+MSS+PO3+none,RANGE,none,False,False,False,0
2025-03-05 21:00:00,2025-03-09 18:00:00,LONG,9272.0,5872.0,2885.3806,0.1,0.1,-340.21625,-340.21625,TIMEOUT,OB+FVG+MSS+PO3+none,RANGE,none,False,False,False,0
2025-03-09 19:00:00,2025-03-10 13:00:00,LONG,4485.0,2890.66405,2890.66405,0.1,0.1,-159.55609500000003,-159.55609500000003,SL,FVG+MSS+PO3+none,RANGE,none,False,False,False,0
2025-03-09 20:00:00,2025-03-10 13:00:00,LONG,9726.0,2890.66405,2890.66405,0.1,0.1,-683.6548450000001,-683.6548450000001,SL,OB+FVG+MSS+PO3+none,RANGE,none,False,False,False,0
2025-03-11 21:00:00,2025-03-14 09:00:00,LONG,9005.0,22579.0,2881.27125,0.1,0.1,1357.2250000000001,1357.2250000000001,TIMEOUT,FVG+MSS+none,RANGE,none,False,False,False,0
2025-03-17 21:00:00,2025-03-20 09:00:00,LONG,11314.0,19472.0,2967.59745,0.1,0.1,815.625,815.625,TIMEOUT,FVG+MSS+PO3+none,RANGE,none,False,False,False,0
2025-03-17 22:00:00,2025-03-20 10:00:00,LONG,7727.0,21728.0,2970.5128,0.1,0.1,1399.9250000000002,1399.9250000000002,TIMEOUT,OB+FVG+MSS+PO3+none,RANGE,none,False,False,False,0
2025-03-17 23:00:00,2025-03-20 11:00:00,LONG,7850.0,13989.0,2970.5128,0.1,0.1,613.7249999999999,613.7249999999999,TIMEOUT,OB+FVG+MSS+PO3+none,RANGE,none,False,False,False,0
2025-03-18 00:00:00,2025-03-20 12:00:00,LONG,5310.0,12919.0,2970.5128,0.1,0.1,760.725,760.725,TIMEOUT,OB+FVG+MSS+PO3+none,RANGE,none,False,False,False,0
2025-03-18 18:00:00,2025-03-21 06:00:00,SHORT,1564.0,6778.0,3050.32575,0.1,0.1,-521.575,-521.575,TIMEOUT,FVG+MSS+PO3+none,RANGE,none,False,False,False,0
2025-03-20 21:00:00,2025-03-21 09:00:00,LONG,11348.0,3017.70565,3017.70565,0.1,0.1,-833.144435,-833.144435,SL,FVG+MSS+PO3+none,RANGE,none,False,False,False,0
2025-03-20 18:00:00,2025-03-23 18:00:00,SHORT,1261.0,3239.0,3064.4861999999994,0.1,0.1,-197.99,-197.99,TIMEOUT,FVG+MSS+PO3+none,RANGE,none,False,False,False,0
2025-03-20 19:00:00,2025-03-23 18:00:00,SHORT,1957.0,3239.0,3063.27015,0.1,0.1,-128.38875000000002,-128.38875000000002,TIMEOUT,OB+FVG+MSS+PO3+none,RANGE,none,False,False,False,0
2025-03-23 21:00:00,2025-03-26 09:00:00,LONG,14267.0,15931.0,2991.4675,0.1,0.1,166.22500000000002,166.22500000000002,TIMEOUT,FVG+MSS+PO3+none,RANGE,none,False,False,False,0
2025-03-23 22:00:00,2025-03-26 10:00:00,LONG,9405.0,14606.0,2991.4675,0.1,0.1,519.925,519.925,TIMEOUT,OB+FVG+MSS+PO3+none,RANGE,none,False,False,False,0
2025-03-23 23:00:00,2025-03-26 11:00:00,LONG,7760.0,13027.0,2991.4675,0.1,0.1,526.525,526.525,TIMEOUT,OB+FVG+MSS+PO3+none,RANGE,none,False,False,False,0
2025-03-24 00:00:00,2025-03-26 12:00:00,LONG,4592.0,9984.0,2991.4675,0.1,0.1,539.025,539.025,TIMEOUT,OB+FVG+MSS+PO3+none,RANGE,none,False,False,False,0
2025-03-26 20:00:00,2025-03-30 18:00:00,LONG,4831.0,6406.0,3000.09415,0.1,0.1,157.2825,157.2825,TIMEOUT,FVG+MSS+PO3+none,RANGE,none,False,False,False,0
2025-03-26 21:00:00,2025-03-30 18:00:00,LONG,9705.0,6406.0,3000.09415,0.1,0.1,-330.11625000000004,-330.11625000000004,TIMEOUT,OB+FVG+MSS+PO3+none,RANGE,none,False,False,False,0
2025-03-26 22:00:00,2025-03-30 18:00:00,LONG,9683.0,6406.0,3000.49215,0.1,0.1,-327.9150000000001,-327.9150000000001,TIMEOUT,OB+FVG+MSS+PO3+none,RANGE,none,False,False,False,0
2025-03-26 23:00:00,2025-03-30 18:00:00,LONG,6264.0,6406.0,3000.49215,0.1,0.1,13.986250000000002,13.986250000000002,TIMEOUT,OB+FVG+MSS+PO3+none,RANGE,none,False,False,False,0
2025-03-27 22:00:00,2025-03-30 18:00:00,LONG,9289.0,6406.0,3014.5316,0.1,0.1,-288.485,-288.485,TIMEOUT,OB+FVG+MSS+PO3+none,RANGE,none,False,False,False,0
2025-03-31 18:00:00,2025-03-31 23:00:00,SHORT,1699.0,3138.4642499999995,3138.4642499999995,0.1,0.1,-144.05267499999994,-144.05267499999994,SL,LiqSweep+FVG+MSS+PO3+none,RANGE,none,False,False,False,0
2025-03-31 21:00:00,2025-04-03 06:00:00,LONG,15746.0,3097.74345,3097.74345,0.1,0.1,-1264.996905,-1264.996905,SL,OB+FVG+MSS+PO3+none,RANGE,none,False,False,False,0
2025-03-31 22:00:00,2025-04-03 06:00:00,LONG,13900.0,3097.86285,3097.86285,0.1,0.1,-1080.383715,-1080.383715,SL,OB+FVG+MSS+PO3+none,RANGE,none,False,False,False,0
2025-03-31 23:00:00,2025-04-03 06:00:00,LONG,7686.0,3097.86285,3097.86285,0.1,0.1,-458.9824650000001,-458.9824650000001,SL,OB+FVG+MSS+PO3+none,RANGE,none,False,False,False,0
2025-04-01 00:00:00,2025-04-03 06:00:00,LONG,6221.0,3097.86285,3097.86285,0.1,0.1,-312.481215,-312.481215,SL,OB+FVG+MSS+PO3+none,RANGE,none,False,False,False,0
2025-03-31 20:00:00,2025-04-03 08:00:00,LONG,6297.0,28048.0,3091.465,0.1,0.1,2174.925,2174.925,TIMEOUT,FVG+MSS+PO3+none,RANGE,none,False,False,False,0
2025-04-14 18:00:00,2025-04-15 20:00:00,SHORT,2003.0,3245.6274,3245.6274,0.1,0.1,-124.39523999999999,-124.39523999999999,SL,FVG+MSS+PO3+none,RANGE,none,False,False,False,0
2025-04-14 20:00:00,2025-04-17 08:00:00,LONG,5609.0,16525.0,3182.0299,0.1,0.1,1091.4250000000002,1091.4250000000002,TIMEOUT,FVG+MSS+PO3+none,RANGE,none,False,False,False,0
2025-04-14 21:00:00,2025-04-17 09:00:00,LONG,12264.0,24943.0,3182.0299,0.1,0.1,1267.7250000000001,1267.7250000000001,TIMEOUT,OB+FVG+MSS+PO3+none,RANGE,none,False,False,False,0
2025-04-14 22:00:00,2025-04-17 10:00:00,LONG,6882.0,32433.0,3182.0299,0.1,0.1,2554.9250000000006,2554.9250000000006,TIMEOUT,OB+FVG+MSS+PO3+none,RANGE,none,False,False,False,0
2025-04-15 20:00:00,2025-04-20 18:00:00,LONG,13978.0,9073.0,3196.8554,0.1,0.1,-490.7475,-490.7475,TIMEOUT,OB+FVG+MSS+PO3+none,RANGE,none,False,False,False,0
2025-04-15 21:00:00,2025-04-20 18:00:00,LONG,17714.0,9073.0,3196.8554,0.1,0.1,-864.34625,-864.34625,TIMEOUT,OB+FVG+MSS+PO3+none,RANGE,none,False,False,False,0
2025-04-29 20:00:00,2025-04-30 04:00:00,LONG,8842.0,3290.09685,3290.09685,0.1,0.1,-555.3003150000001,-555.3003150000001,SL,FVG+MSS+PO3+none,RANGE,none,False,False,False,0
2025-04-29 21:00:00,2025-04-30 04:00:00,LONG,12359.0,3290.09685,3290.09685,0.1,0.1,-906.9990650000001,-906.9990650000001,SL,OB+FVG+MSS+PO3+none,RANGE,none,False,False,False,0
2025-04-29 22:00:00,2025-04-30 04:00:00,LONG,9468.0,3290.09685,3290.09685,0.1,0.1,-617.8978150000002,-617.8978150000002,SL,OB+FVG+MSS+PO3+none,RANGE,none,False,False,False,0
2025-04-29 23:00:00,2025-04-30 04:00:00,LONG,7122.0,3290.0471,3290.0471,0.1,0.1,-383.3015400000001,-383.3015400000001,SL,LiqSweep+OB+MSS+PO3+none,RANGE,none,False,False,False,0
2025-05-13 20:00:00,2025-05-14 08:00:00,LONG,9922.0,3211.3127499999996,3211.3127499999996,0.1,0.1,-671.1837250000001,-671.1837250000001,SL,FVG+MSS+PO3+none,RANGE,none,False,False,False,0
2025-05-13 21:00:00,2025-05-14 08:00:00,LONG,14874.0,3211.3127499999996,3211.3127499999996,0.1,0.1,-1166.382475,-1166.382475,SL,OB+FVG+MSS+PO3+none,RANGE,none,False,False,False,0
2025-05-13 22:00:00,2025-05-14 08:00:00,LONG,12886.0,3211.3127499999996,3211.3127499999996,0.1,0.1,-967.5812250000002,-967.5812250000002,SL,OB+FVG+MSS+PO3+none,RANGE,none,False,False,False,0
2025-05-13 23:00:00,2025-05-14 08:00:00,LONG,11576.0,3211.3127499999996,3211.3127499999996,0.1,0.1,-836.5799750000002,-836.5799750000002,SL,OB+FVG+MSS+PO3+none,RANGE,none,False,False,False,0
2025-05-19 20:00:00,2025-05-22 08:00:00,LONG,9592.0,19862.0,3196.0395,0.1,0.1,1026.825,1026.825,TIMEOUT,FVG+MSS+PO3+none,RANGE,none,False,False,False,0
2025-05-19 21:00:00,2025-05-22 09:00:00,LONG,16309.0,25325.0,3199.71105,0.1,0.1,901.425,901.425,TIMEOUT,OB+FVG+MSS+PO3+none,RANGE,none,False,False,False,0
2025-05-19 22:00:00,2025-05-22 10:00:00,LONG,13007.0,24961.0,3205.0343,0.1,0.1,1195.2250000000001,1195.2250000000001,TIMEOUT,OB+FVG+MSS+PO3+none,RANGE,none,False,False,False,0
2025-05-22 20:00:00,2025-05-25 18:00:00,LONG,12535.0,8798.0,3271.21175,0.1,0.1,-373.88750000000005,-373.88750000000005,TIMEOUT,FVG+MSS+PO3+none,RANGE,none,False,False,False,0
2025-05-22 21:00:00,2025-05-25 18:00:00,LONG,13525.0,8798.0,3271.21175,0.1,0.1,-472.8862500000001,-472.8862500000001,TIMEOUT,OB+FVG+MSS+PO3+none,RANGE,none,False,False,False,0
2025-05-22 22:00:00,2025-05-25 18:00:00,LONG,8952.0,8798.0,3271.21175,0.1,0.1,-15.585,-15.585,TIMEOUT,OB+FVG+MSS+PO3+none,RANGE,none,False,False,False,0
2025-05-22 23:00:00,2025-05-25 18:00:00,LONG,6092.0,8798.0,3271.21175,0.1,0.1,270.41625,270.41625,TIMEOUT,OB+FVG+MSS+PO3+none,RANGE,none,False,False,False,0
2025-05-26 19:00:00,2025-05-27 02:00:00,LONG,3729.0,3311.88735,3311.88735,0.1,0.1,-41.820015000000005,-41.820015000000005,SL,FVG+MSS+PO3+none,RANGE,none,False,False,False,0
2025-05-26 20:00:00,2025-05-27 02:00:00,LONG,6097.0,3311.88735,3311.88735,0.1,0.1,-278.61876500000005,-278.61876500000005,SL,OB+FVG+MSS+PO3+none,RANGE,none,False,False,False,0
2025-05-26 21:00:00,2025-05-27 02:00:00,LONG,10458.0,3311.88735,3311.88735,0.1,0.1,-714.717515,-714.717515,SL,OB+FVG+MSS+PO3+none,RANGE,none,False,False,False,0
2025-05-26 22:00:00,2025-05-27 02:00:00,LONG,7694.0,3311.88735,3311.88735,0.1,0.1,-438.31626500000004,-438.31626500000004,SL,OB+FVG+MSS+PO3+none,RANGE,none,False,False,False,0
2025-05-27 19:00:00,2025-05-28 19:00:00,LONG,5068.0,3271.8883499999997,3271.8883499999997,0.1,0.1,-179.74116500000002,-179.74116500000002,SL,FVG+MSS+PO3+none,RANGE,none,False,False,False,0
2025-05-27 20:00:00,2025-05-28 19:00:00,LONG,5925.0,3271.8883499999997,3271.8883499999997,0.1,0.1,-265.43991500000004,-265.43991500000004,SL,OB+FVG+MSS+PO3+none,RANGE,none,False,False,False,0
2025-05-27 21:00:00,2025-05-28 19:00:00,LONG,9915.0,3271.8883499999997,3271.8883499999997,0.1,0.1,-664.4386650000001,-664.4386650000001,SL,OB+FVG+MSS+PO3+none,RANGE,none,False,False,False,0
2025-06-03 20:00:00,2025-06-06 08:00:00,LONG,11174.0,24592.0,3328.62325,0.1,0.1,1341.6250000000002,1341.6250000000002,TIMEOUT,FVG+MSS+PO3+none,RANGE,none,False,False,False,0
2025-06-03 21:00:00,2025-06-06 09:00:00,LONG,16357.0,30050.0,3328.62325,0.1,0.1,1369.1250000000002,1369.1250000000002,TIMEOUT,OB+FVG+MSS+PO3+none,RANGE,none,False,False,False,0
2025-06-03 22:00:00,2025-06-06 10:00:00,LONG,11367.0,31055.0,3328.62325,0.1,0.1,1968.6250000000002,1968.6250000000002,TIMEOUT,OB+FVG+MSS+PO3+none,RANGE,none,False,False,False,0
2025-06-03 23:00:00,2025-06-06 10:00:00,LONG,9311.0,3328.62325,3328.62325,0.1,0.1,-598.411425,-598.411425,SL,OB+FVG+MSS+PO3+none,RANGE,none,False,False,False,0
2025-06-09 22:00:00,2025-06-12 10:00:00,LONG,12327.0,21620.0,3289.59935,0.1,0.1,929.125,929.125,TIMEOUT,LiqSweep+OB+MSS+PO3+none,RANGE,none,False,False,False,0
2025-06-09 23:00:00,2025-06-12 11:00:00,LONG,8192.0,19024.0,3289.59935,0.1,0.1,1083.025,1083.025,TIMEOUT,LiqSweep+OB+MSS+PO3+none,RANGE,none,False,False,False,0
2025-06-10 00:00:00,2025-06-12 12:00:00,LONG,6207.0,12662.0,3289.59935,0.1,0.1,645.3249999999999,645.3249999999999,TIMEOUT,LiqSweep+OB+FVG+MSS+PO3+none,RANGE,none,False,False,False,0
2025-06-19 19:00:00,2025-06-22 18:00:00,LONG,4790.0,11596.0,3340.5732000000003,0.1,0.1,680.41125,680.41125,TIMEOUT,FVG+MSS+PO3+none,RANGE,none,False,False,False,0
2025-06-19 20:00:00,2025-06-22 18:00:00,LONG,7073.0,11596.0,3340.5732000000003,0.1,0.1,452.1125,452.1125,TIMEOUT,OB+FVG+MSS+PO3+none,RANGE,none,False,False,False,0
2025-06-19 21:00:00,2025-06-22 18:00:00,LONG,11236.0,11596.0,3340.5732000000003,0.1,0.1,35.81375,35.81375,TIMEOUT,OB+FVG+MSS+PO3+none,RANGE,none,False,False,False,0
2025-06-19 22:00:00,2025-06-22 18:00:00,LONG,11297.0,11596.0,3339.56825,0.1,0.1,29.715,29.715,TIMEOUT,LiqSweep+OB+FVG+MSS+PO3+none,RANGE,none,False,False,False,0
2025-06-24 21:00:00,2025-06-27 03:00:00,LONG,8380.0,3285.57955,3285.57955,0.1,0.1,-509.609545,-509.609545,SL,FVG+MSS+PO3+none,RANGE,none,False,False,False,0
2025-06-24 22:00:00,2025-06-27 03:00:00,LONG,6799.0,3285.57955,3285.57955,0.1,0.1,-351.5082950000001,-351.5082950000001,SL,OB+FVG+MSS+PO3+none,RANGE,none,False,False,False,0
2025-06-24 23:00:00,2025-06-27 03:00:00,LONG,5614.0,3285.57955,3285.57955,0.1,0.1,-233.007045,-233.007045,SL,OB+FVG+MSS+PO3+none,RANGE,none,False,False,False,0
2025-07-01 20:00:00,2025-07-04 08:00:00,LONG,7073.0,7063.0,3304.4248500000003,0.1,0.1,-1.175,-1.175,TIMEOUT,FVG+MSS+none,RANGE,none,False,False,False,0
2025-07-06 19:00:00,2025-07-06 22:00:00,LONG,4943.0,3310.6038,3310.6038,0.1,0.1,-163.34337000000002,-163.34337000000002,SL,FVG+MSS+PO3+none,RANGE,none,False,False,False,0
2025-07-06 22:00:00,2025-07-08 10:00:00,LONG,9055.0,3299.8876499999997,3299.8876499999997,0.1,0.1,-575.656235,-575.656235,SL,LiqSweep+OB+FVG+MSS+PO3+none,RANGE,none,False,False,False,0
2025-07-08 18:00:00,2025-07-11 06:00:00,SHORT,3043.0,9732.0,3349.3835999999997,0.1,0.1,-669.0750000000002,-669.0750000000002,TIMEOUT,FVG+MSS+PO3+none,RANGE,none,False,False,False,0
2025-07-14 21:00:00,2025-07-15 16:00:00,LONG,6407.0,3325.7477,3325.7477,0.1,0.1,-308.2489800000001,-308.2489800000001,SL,FVG+MSS+PO3+none,RANGE,none,False,False,False,0
2025-07-14 18:00:00,2025-07-17 06:00:00,SHORT,2086.0,5217.0,3386.5886999999993,0.1,0.1,-313.27500000000003,-313.27500000000003,TIMEOUT,FVG+MSS+PO3+none,RANGE,none,False,False,False,0
2025-07-14 19:00:00,2025-07-17 07:00:00,SHORT,2115.0,5997.0,3386.5886999999993,0.1,0.1,-388.37500000000006,-388.37500000000006,TIMEOUT,OB+FVG+MSS+PO3+none,RANGE,none,False,False,False,0
2025-07-15 18:00:00,2025-07-18 06:00:00,SHORT,1586.0,4900.0,3377.89545,0.1,0.1,-331.57500000000005,-331.57500000000005,TIMEOUT,FVG+MSS+PO3+none,RANGE,none,False,False,False,0
2025-07-17 20:00:00,2025-07-20 18:00:00,LONG,4058.0,3822.0,3296.4151,0.1,0.1,-23.7875,-23.7875,TIMEOUT,FVG+MSS+PO3+none,RANGE,none,False,False,False,0
2025-07-20 21:00:00,2025-07-23 09:00:00,LONG,7414.0,19633.0,3316.70315,0.1,0.1,1221.7250000000001,1221.7250000000001,TIMEOUT,FVG+MSS+PO3+none,RANGE,none,False,False,False,0
2025-07-21 20:00:00,2025-07-24 08:00:00,LONG,6857.0,14141.0,3334.4638999999997,0.1,0.1,728.225,728.225,TIMEOUT,FVG+MSS+PO3+none,RANGE,none,False,False,False,0
2025-07-21 21:00:00,2025-07-24 09:00:00,LONG,8635.0,19851.0,3340.9512999999997,0.1,0.1,1121.4250000000002,1121.4250000000002,TIMEOUT,OB+FVG+MSS+PO3+none,RANGE,none,False,False,False,0
2025-07-23 19:00:00,2025-07-27 18:00:00,SHORT,2251.0,6907.0,3445.2806999999993,0.1,0.1,-465.81875,-465.81875,TIMEOUT,FVG+MSS+PO3+none,RANGE,none,False,False,False,0
2025-07-24 19:00:00,2025-07-27 18:00:00,SHORT,2386.0,6907.0,3397.8446999999996,0.1,0.1,-452.28875000000005,-452.28875000000005,TIMEOUT,FVG+MSS+PO3+none,RANGE,none,False,False,False,0
2025-07-24 20:00:00,2025-07-27 18:00:00,SHORT,3335.0,6907.0,3397.8446999999996,0.1,0.1,-357.38750000000005,-357.38750000000005,TIMEOUT,OB+FVG+MSS+PO3+none,RANGE,none,False,False,False,0
2025-07-29 21:00:00,2025-07-30 11:00:00,LONG,12368.0,3298.61405,3298.61405,0.1,0.1,-907.0560950000001,-907.0560950000001,SL,FVG+MSS+PO3+none,RANGE,none,False,False,False,0
2025-07-29 22:00:00,2025-07-30 11:00:00,LONG,12169.0,3298.61405,3298.61405,0.1,0.1,-887.154845,-887.154845,SL,OB+FVG+MSS+PO3+none,RANGE,none,False,False,False,0
2025-08-21 20:00:00,2025-08-24 18:00:00,LONG,7343.0,4245.0,3311.8276499999997,0.1,0.1,-309.9875,-309.9875,TIMEOUT,OB+MSS+PO3+none,RANGE,none,False,False,False,0
2025-08-21 21:00:00,2025-08-24 18:00:00,LONG,10277.0,4245.0,3311.8276499999997,0.1,0.1,-603.38625,-603.38625,TIMEOUT,OB+MSS+PO3+none,RANGE,none,False,False,False,0
2025-08-25 20:00:00,2025-08-28 08:00:00,LONG,23800.0,18116.0,3337.95635,0.1,0.1,-568.575,-568.575,TIMEOUT,LiqSweep+MSS+PO3+none,RANGE,none,False,False,False,0
2025-08-25 21:00:00,2025-08-28 09:00:00,LONG,17133.0,22200.0,3337.95635,0.1,0.1,506.52500000000003,506.52500000000003,TIMEOUT,LiqSweep+OB+FVG+MSS+PO3+none,RANGE,none,False,False,False,0
2025-08-25 22:00:00,2025-08-28 10:00:00,LONG,9149.0,17449.0,3337.95635,0.1,0.1,829.8249999999999,829.8249999999999,TIMEOUT,LiqSweep+OB+FVG+MSS+PO3+none,RANGE,none,False,False,False,0
2025-08-28 21:00:00,2025-08-31 18:00:00,LONG,10573.0,9362.0,3372.254,0.1,0.1,-121.28625000000001,-121.28625000000001,TIMEOUT,FVG+MSS+PO3+none,RANGE,none,False,False,False,0
2025-08-28 22:00:00,2025-08-31 18:00:00,LONG,7667.0,9362.0,3372.254,0.1,0.1,169.315,169.315,TIMEOUT,OB+MSS+PO3+none,RANGE,none,False,False,False,0
2025-08-28 23:00:00,2025-08-31 18:00:00,LONG,5164.0,9362.0,3378.4230000000002,0.1,0.1,419.61625,419.61625,TIMEOUT,OB+MSS+PO3+none,RANGE,none,False,False,False,0
2025-09-01 19:00:00,2025-09-04 07:00:00,LONG,7205.0,13212.0,3426.63075,0.1,0.1,600.525,600.525,TIMEOUT,FVG+MSS+none,RANGE,none,False,False,False,0
2025-09-01 20:00:00,2025-09-04 08:00:00,LONG,13715.0,21356.0,3439.90405,0.1,0.1,763.925,763.925,TIMEOUT,OB+FVG+MSS+none,RANGE,none,False,False,False,0
2025-09-01 21:00:00,2025-09-04 09:00:00,LONG,26881.0,28607.0,3451.9137,0.1,0.1,172.42500000000004,172.42500000000004,TIMEOUT,OB+FVG+MSS+PO3+none,RANGE,none,False,False,False,0
2025-09-01 22:00:00,2025-09-04 10:00:00,LONG,19722.0,30963.0,3451.9137,0.1,0.1,1123.9250000000002,1123.9250000000002,TIMEOUT,OB+FVG+MSS+PO3+none,RANGE,none,False,False,False,0
2025-09-01 23:00:00,2025-09-04 11:00:00,LONG,12989.0,16839.0,3451.9137,0.1,0.1,384.825,384.825,TIMEOUT,OB+FVG+MSS+PO3+none,RANGE,none,False,False,False,0
2025-09-11 18:00:00,2025-09-14 18:00:00,SHORT,3334.0,6472.0,3657.8884499999995,0.1,0.1,-313.99,-313.99,TIMEOUT,FVG+MSS+PO3+none,RANGE,none,False,False,False,0
2025-09-11 20:00:00,2025-09-14 18:00:00,LONG,9732.0,6472.0,3598.7160000000003,0.1,0.1,-326.1875,-326.1875,TIMEOUT,FVG+MSS+PO3+none,RANGE,none,False,False,False,0
2025-09-11 21:00:00,2025-09-14 18:00:00,LONG,18482.0,6472.0,3598.7160000000003,0.1,0.1,-1201.18625,-1201.18625,TIMEOUT,OB+FVG+MSS+PO3+none,RANGE,none,False,False,False,0
2025-09-11 22:00:00,2025-09-14 18:00:00,LONG,11702.0,6472.0,3598.7160000000003,0.1,0.1,-523.1850000000001,-523.1850000000001,TIMEOUT,OB+FVG+MSS+PO3+none,RANGE,none,False,False,False,0
2025-09-16 20:00:00,2025-09-17 06:00:00,LONG,6683.0,3662.5054499999997,3662.5054499999997,0.1,0.1,-302.16195500000003,-302.16195500000003,SL,FVG+MSS+PO3+none,RANGE,none,False,False,False,0
2025-09-16 21:00:00,2025-09-17 06:00:00,LONG,18099.0,3664.1273,3664.1273,0.1,0.1,-1443.59852,-1443.59852,SL,OB+FVG+MSS+PO3+none,RANGE,none,False,False,False,0
2025-09-16 22:00:00,2025-09-17 14:00:00,LONG,15135.0,3661.0428,3661.0428,0.1,0.1,-1147.51572,-1147.51572,SL,LiqSweep+OB+FVG+MSS+PO3+none,RANGE,none,False,False,False,0
2025-09-16 23:00:00,2025-09-17 14:00:00,LONG,7027.0,3661.0428,3661.0428,0.1,0.1,-336.71447000000006,-336.71447000000006,SL,LiqSweep+OB+FVG+MSS+PO3+none,RANGE,none,False,False,False,0
2025-09-17 00:00:00,2025-09-17 14:00:00,LONG,3956.0,3661.0428,3661.0428,0.1,0.1,-29.613219999999984,-29.613219999999984,SL,LiqSweep+OB+FVG+MSS+PO3+none,RANGE,none,False,False,False,0
2025-09-18 18:00:00,2025-09-21 18:00:00,SHORT,2482.0,8773.0,3683.6666999999998,0.1,0.1,-629.2900000000001,-629.2900000000001,TIMEOUT,FVG+MSS+PO3+none,RANGE,none,False,False,False,0
2025-09-18 19:00:00,2025-09-21 18:00:00,SHORT,3315.0,8773.0,3683.6666999999998,0.1,0.1,-545.9887500000001,-545.9887500000001,TIMEOUT,OB+FVG+MSS+PO3+none,RANGE,none,False,False,False,0
2025-09-18 21:00:00,2025-09-21 18:00:00,LONG,16699.0,8773.0,3619.12345,0.1,0.1,-792.78625,-792.78625,TIMEOUT,FVG+MSS+PO3+none,RANGE,none,False,False,False,0
2025-09-18 22:00:00,2025-09-21 18:00:00,LONG,12933.0,8773.0,3619.12345,0.1,0.1,-416.185,-416.185,TIMEOUT,OB+FVG+MSS+PO3+none,RANGE,none,False,False,False,0
2025-11-06 02:00:00,2025-11-10 01:00:00,LONG,12608.0,8442.0,3940.9363,0.1,0.1,-416.81875,-416.81875,TIMEOUT,FVG+MSS+asian,RANGE,asian,False,False,False,0
2025-11-06 03:00:00,2025-11-10 01:00:00,LONG,12767.0,8442.0,3944.56805,0.1,0.1,-432.71750000000003,-432.71750000000003,TIMEOUT,OB+FVG+MSS+PO3+asian,RANGE,asian,False,False,False,0
2025-11-06 04:00:00,2025-11-10 01:00:00,LONG,11469.0,8442.0,3944.56805,0.1,0.1,-302.91625,-302.91625,TIMEOUT,OB+FVG+MSS+PO3+asian,RANGE,asian,False,False,False,0
2025-11-06 05:00:00,2025-11-10 01:00:00,LONG,9501.0,8442.0,3944.56805,0.1,0.1,-106.115,-106.115,TIMEOUT,OB+FVG+MSS+PO3+none,RANGE,none,False,False,False,0
2025-11-10 02:00:00,2025-11-12 14:00:00,LONG,9513.0,16589.0,3970.3584499999997,0.1,0.1,707.425,707.425,TIMEOUT,FVG+MSS+PO3+asian,RANGE,asian,False,False,False,0
2025-11-10 03:00:00,2025-11-12 15:00:00,LONG,23586.0,21606.0,3970.9057000000003,0.1,0.1,-198.17499999999998,-198.17499999999998,TIMEOUT,OB+FVG+MSS+PO3+asian,RANGE,asian,False,False,False,0
2025-11-10 04:00:00,2025-11-12 16:00:00,LONG,15763.0,31043.0,3970.9057000000003,0.1,0.1,1527.825,1527.825,TIMEOUT,OB+FVG+MSS+PO3+asian,RANGE,asian,False,False,False,0
2025-11-10 05:00:00,2025-11-12 17:00:00,LONG,8942.0,39476.0,3970.9057000000003,0.1,0.1,3053.2250000000004,3053.2250000000004,TIMEOUT,OB+FVG+MSS+PO3+none,RANGE,none,False,False,False,0
2025-11-10 06:00:00,2025-11-12 18:00:00,LONG,8431.0,32828.0,3970.9057000000003,0.1,0.1,2439.5250000000005,2439.5250000000005,TIMEOUT,OB+FVG+MSS+PO3+none,RANGE,none,False,False,False,0
2025-11-28 02:00:00,2025-12-01 01:00:00,LONG,12291.0,22013.0,4124.72275,0.1,0.1,972.01125,972.01125,TIMEOUT,FVG+MSS+OTE+PO3+asian,RANGE,asian,False,False,False,0
2025-11-28 03:00:00,2025-12-01 01:00:00,LONG,18603.0,22013.0,4124.72275,0.1,0.1,340.8125,340.8125,TIMEOUT,FVG+MSS+OTE+PO3+asian,RANGE,asian,False,False,False,0
2025-11-28 04:00:00,2025-12-01 01:00:00,LONG,12166.0,22013.0,4126.265,0.1,0.1,984.5137500000001,984.5137500000001,TIMEOUT,OB+FVG+MSS+PO3+asian,RANGE,asian,False,False,False,0
